SAMindex,EGsmlie2D,TC_mean,c_interface_mean,SAM_length_mean,Water_all_overlap_factor
SAM001,Cc1ccc(Nc2ccccc2)cc1C,62.717,-62.93907607,19.07672399,0.324281183
SAM002,C1=C/CC/C=C/CC/C=C/CC/1,42.50925,-81.89045874,21.73936921,0.286543349
SAM003,c1cc2cc3sccc3cc2s1,48.74075,-70.13265364,15.79906439,0.294007568
SAM004,Cc1cc(C)c(-c2ccccc2)s1,64.153,-70.27392278,17.25745532,0.296763799
SAM005,c1cc2cc3ccccc3cc2s1,54.1965,-63.5457598,16.06015805,0.291667857
SAM006,C1=C/CC/C=C\CC/C=C/CC/1,53.86575,-92.72198325,22.07914192,0.290965461
SAM007,CCCC1=C(C)C(C)=C(C)[C@@H]1C,40.8,-75.31809855,17.36658498,0.293710814
SAM008,Cc1cccc([C@H]2CCC[C@H](C)C2)c1,45.40425,-82.03907004,18.37148483,0.279155069
SAM009,CCC(C)(C)C1CCC(F)(F)CC1,70.59275,-121.6483328,22.03602044,0.281545216
SAM010,Cc1ccc(C(F)F)c2ccccc12,88.6725,-129.7283402,15.13581625,0.294175161
SAM011,CCCCCc1ccc(C)cc1C,43.18725,-60.07127519,19.56680978,0.299551303
SAM012,c1ccc(-c2ccc(C3CC3)cc2)cc1,48.797,-72.15506317,18.46343853,0.29886403
SAM013,C1CC[C@@H]2C[C@@H]3CCCC[C@@H]3C[C@H]2C1,38.93,-88.83241836,21.87974984,0.264298456
SAM014,c1cc2ccc3ccsc3c2s1,57.11225,-72.43071891,15.30886427,0.305998283
SAM015,CC=C=C1CCC(c2ccccc2)CC1,66.505,-69.03900738,20.0860771,0.292052328
SAM017,CN[C@H](C=O)[C@H](O)[C@@H](O)[C@H](O)CO,141.76525,-162.1886901,16.79795102,0.28939343
SAM018,C[C@H](O)[C@@H](O)C=O,160.934,-129.5035006,12.04456307,0.294425541
SAM019,CNC(N=N)NCCO,142.40925,-147.4517825,14.97855208,0.33299264
SAM020,C[C@]1(C=O)NC(=O)NC1=O,173.88075,-295.1313605,12.90017484,0.304832201
SAM022,C[C@H](O)[C@H](O)[C@H](O)C=O,146.33975,-130.4265639,13.59273719,0.288079595
SAM023,C[C@H](O)[C@H](O)C=O,152.556,-125.0343637,11.99674539,0.295543935
SAM024,CN(C)N/N=C1/N=CN=C1C(N)=O,92.0455,-490.9717591,19.43031896,0.373920769
SAM025,OC1[C@H](O)[C@H](O)C2(CO2)[C@H](O)[C@@H]1O,102.28675,-169.3933371,20.90933762,0.301222513
SAM026,OC1[C@H](O)[C@H](O)C2(CO2)[C@H](O)[C@H]1O,105.50575,-170.6875707,20.82600845,0.301024925
SAM027,CO[C@H](C=O)O[C@H](C=O)CO,136.4385,-172.6669285,15.01631572,0.294543424
SAM028,CN[C@H](C=O)[C@H](O)[C@H](O)[C@@H](O)CO,148.081,-164.2645489,16.20377281,0.298482173
SAM029,NC(=O)/C=C/C(=O)NO,189.36725,-258.5354059,12.90878702,0.382073934
SAM030,C[C@H](O)[C@@H](O)[C@@H](O)C=O,148.328,-133.1937659,13.58971705,0.289817009
SAM031,N[C@@H](C=O)C(O)C(O)C(O)C=O,154.28875,-151.8516212,14.46197348,0.306299345
SAM032,C=C(CC(N)=O)[C@H]([NH3+])C(=O)[O-],185.1475,-297.5288738,13.60819479,0.373975316
SAM033,C=CCNC(=O)C(=O)NC[C@H](C)O,77.066,-92.93937847,17.15222044,0.303382889
SAM034,COC(=O)[C@H](C=O)N(C)C=O,118.3065,-173.0770997,15.02495027,0.297812152
SAM035,CC(=O)N[C@@H](C=O)OCC=O,123.254,-122.887814,15.9688053,0.317648702
SAM036,CC(=O)N[C@H](C=O)OCC=O,123.7795,-123.5392819,15.91393058,0.317826529
SAM037,CC(=O)ONC(=O)C(N)=O,190.9025,-246.0605214,13.0530861,0.321175191
SAM038,C=C1NC(=O)C(=O)C1C(N)=O,198.18425,-214.600701,13.9882234,0.3717355
SAM039,C[C@H](O)[C@@H](O)[C@@H](O)[C@H](F)C=O,128.26475,-147.5334741,14.9041653,0.292748333
SAM040,CO[C@@H]([C@@H](O)C=O)[C@H](O)[C@H](O)CO,155.1605,-187.1243565,15.76092561,0.283527538
SAM041,CO[C@@H]([C@H](O)C=O)[C@H](O)[C@H](O)CO,148.41975,-190.8521796,18.76997701,0.286420083
SAM042,CO[C@@H](C=O)O[C@@H](C=O)CO,154.39325,-179.8604227,14.99230061,0.295730923
SAM043,CO[C@H](C=O)O[C@@H](C=O)CO,144.279,-184.6170416,15.02137018,0.295880719
SAM044,CO[C@H]([C@@H](O)C=O)[C@H](O)[C@H](O)CO,156.47425,-188.6227096,17.29358443,0.284531658
SAM045,C[C@@H](O)[C@@H](O)[C@@H](O)CC=O,131.09375,-160.8747683,14.86713421,0.288482596
SAM046,C[C@@H](O)[C@@H](O)[C@@H](O)C=O,153.00625,-140.3939988,13.59651899,0.288726689
SAM047,C[C@@H](O)[C@@H](O)[C@H](O)C=O,148.63225,-144.1137901,13.58671078,0.284562899
SAM048,C[C@@H](O)[C@@H](O)C=O,152.11725,-132.4066122,12.31816674,0.298067916
SAM049,C[C@@H](O)[C@H](O)C=O,164.192,-129.3414258,12.16417517,0.297316448
SAM050,C[C@@H](O)[C@H](O)[C@H](O)C=O,152.6485,-140.7950126,13.57865724,0.284680699
SAM051,C[C@H](O)[C@@H](O)[C@H](O)C=O,144.48675,-131.9188,13.58351964,0.282179808
SAM053,NOC(=O)[C@H](O)[C@@H](O)C(=O)ON,164.7975,-172.6543122,15.3371265,0.394668594
SAM054,C=CCNC(=O)C(=O)NCCCO,153.09925,-165.735172,18.02746785,0.296423728
SAM055,C=CCNC(=O)c1cc(=O)[nH]c(=O)[nH]1,167.82075,-245.0022745,16.44580058,0.344293967
SAM056,C=C[C@@H](O)[C@@H](O)CO,143.0795,-139.5618823,14.05102272,0.283760693
SAM058,CC(=O)N[C@@H](CS)C(N)=O,77.07575,-79.51731518,15.17676368,0.345118976
SAM059,OC[C@H]1O[C@H](S)[C@H](O)[C@@H](O)[C@H]1O,162.82475,-165.0585405,15.33094526,0.297367081
SAM060,CO[C@H](C=O)[C@@H](O)[C@@H](O)CO,163.94175,-193.1227232,15.19272056,0.284911043
SAM061,C[C@@H](O)[C@@H](O)C[C@H](O)C=O,138.26825,-131.4744297,15.33671941,0.304044661
SAM062,NC(=O)[C@@H](O)[C@@H](O)[C@H](O)[C@@H](O)C=O,142.36,-139.6001282,14.92276191,0.311622838
SAM063,N=NC(NN)NN,187.5105,-207.4140756,13.39424438,0.442281517
SAM064,N[C@@H](C=O)[C@H](O)[C@H](O)[C@@H](O)CO,158.6075,-168.5013119,14.9052647,0.295565926
SAM065,C[C@H](O)[C@H](O)[C@@H](O)C=O,141.4815,-130.8375167,13.58238035,0.285807148
SAM066,CN(C)C(=O)N=C(N)N,136.882,-189.263416,17.21462999,0.311082009
SAM067,OC[C@@H]1O[C@H](S)[C@H](O)[C@H](O)[C@H]1O,163.522,-170.7531536,15.48824334,0.293529129
SAM068,CNC(N=N)NC,76.511,-65.42338603,13.69478007,0.337758585
SAM069,OC[C@H]1O[C@@H](S)[C@H](O)[C@@H](O)[C@@H]1O,155.9785,-156.9842867,15.51989936,0.292454096
SAM070,COC1NCC(C=O)CN1,122.08875,-159.3870986,15.48709668,0.307654289
SAM071,CNC(N=N)N(C)C,74.39125,-80.43505438,14.04880236,0.315391879
SAM072,CCNC(=O)C(=O)NC[C@H](C)O,90.64,-118.7625834,16.67372461,0.303224543
SAM073,CCNC(=O)C(=O)NC[C@@H](C)O,85.97725,-104.3608933,16.63984793,0.302279882
SAM074,C[C@@H](NC(=O)[C@@H]([NH3+])[C@@H](C)O)C(=O)[O-],109.71725,-135.0629323,16.30722831,0.365115778
SAM075,CNC(=O)C(=O)NC[C@@H](C)O,64.89475,-73.52635979,15.16717068,0.298571698
SAM076,CNC(=O)CC(=O)NC,77.432,-62.62904647,15.09841775,0.321041963
SAM077,CNC(=O)NCNC(=O)NC,94.521,-75.83510647,16.27468501,0.361170753
SAM078,CNC(=O)[C@@H](O)[C@@H](O)C(=O)NC,116.328,-176.2855808,16.58955763,0.319597647
SAM079,CN[C@@H](CO)C(=O)OC,105.82,-126.6304926,14.65756026,0.313243037
SAM080,COC(=O)C(NC=O)C(=O)OC,106.954,-147.1572299,16.13318997,0.285136587
SAM081,COC(=O)C1(O)CNC1,92.53725,-111.3090035,14.40278955,0.278733712
SAM082,COC(=O)[C@@H](N)[C@@H](O)C(=O)OC,117.593,-180.636703,15.94435066,0.327090235
SAM083,COC(=O)[C@H](N)[C@@H](O)C(=O)OC,117.0365,-177.6063435,16.00458779,0.328711015
SAM084,CO[C@H]1O[C@H](CO)[C@H](C)[C@@H](O)[C@@H]1O,108.67025,-136.0426346,18.47187125,0.291829149
SAM085,CO[C@H]1O[C@H](CO)[C@H](C)[C@@H](O)[C@H]1O,106.39825,-135.5912813,18.51284215,0.29244493
SAM086,CO[C@H]1O[C@@H](CO)[C@H](C)[C@@H](O)[C@H]1O,108.0285,-139.4968285,18.17077541,0.293207855
SAM087,CO[C@H]1O[C@@H](CO)[C@H](C)[C@@H](O)[C@@H]1O,108.98075,-139.7822024,18.10387425,0.291596358
SAM088,CO[C@H]1OC[C@@H](C(C)=O)[C@@H](O)[C@H]1O,86.03725,-107.8152672,17.16267587,0.297195389
SAM089,CO[C@H]1OC[C@H](C(C)=O)[C@@H](O)[C@H]1O,88.64425,-109.9597968,17.16979091,0.295631546
SAM090,CS(=O)(=O)CN,91.21325,-118.8337951,14.45714513,0.344342692
SAM091,CS(=O)(=O)c1cc(=O)[nH]c(=O)[nH]1,111.3995,-212.6479768,16.78847196,0.359940354
SAM092,C[C@@H](O)C(=O)NC(C)(CO)CO,108.452,-156.2434062,15.48703772,0.311811102
SAM093,C[C@@H](O)CNC(=O)[C@@H](C)O,66.9665,-66.02054925,15.39772907,0.294985594
SAM094,C[C@@]1(O)[C@H](O)O[C@](C)(CO)[C@]1(C)O,90.41975,-161.9377426,20.93494491,0.304009138
SAM095,C[C@H](O)C(=O)NC(C)(CO)CO,112.95075,-156.7687476,15.45272384,0.314439644
SAM096,Cn1c(=O)[nH]c(=O)c2c(O)c[nH]c21,101.59725,-192.1789657,19.00990531,0.381352603
SAM097,CNC(=O)C(=O)NCCCOC,63.84375,-62.12057648,17.41738445,0.280500801
SAM098,CNC(=O)C(=O)NCCOC,59.67675,-60.07506676,15.64845975,0.277707882
SAM099,NC(=O)NCN1CCOCC1,74.7025,-126.146373,16.12829182,0.305969294
SAM100,NC(=O)[C@@H]1CC[C@H](C(=O)[O-])[NH2+]1,116.545,-242.6637306,14.03190806,0.320579227
SAM101,NC(=O)[C@@H]1[C@H]2C=C[C@H](O2)[C@@H]1C(N)=O,120.1215,-169.1962298,14.89471799,0.342044143
SAM102,NN1C(=O)[C@@H]2[C@H]3C=C[C@H](O3)[C@@H]2C1=O,85.48025,-145.1268388,18.23252365,0.326241186
SAM103,NN1C(=O)[C@@H]2[C@@H]3C=C[C@@H](O3)[C@H]2C1=O,93.27825,-142.20476,17.09118406,0.323296446
SAM104,C1CN1c1nnc(N2CC2)nn1,112.58475,-163.4796441,15.71439218,0.297238138
SAM105,C1Cn2nnnc2CN1,81.7565,-104.0676881,13.0873116,0.326210427
SAM106,C1NCNCN1,101.951,-98.47106642,12.08638766,0.301997728
SAM107,C1c2nnnn2Cc2nnnn21,80.298,-99.19026249,15.14930123,0.313879275
SAM108,CC(=O)NCC(O)CNC(C)=O,89.49125,-84.41756244,17.30424482,0.316157521
SAM109,CC(=O)N[C@@H]1COC[C@H]1O,114.55325,-141.5125842,14.76983697,0.292233917
SAM110,CC(=O)N[C@@H]1C[C@H](O)O[C@H](C)[C@H]1O,124.09175,-185.5979049,16.69332568,0.312304693
SAM111,CC(=O)N[C@H]1CO[C@@H]2[C@H](O)CO[C@H]12,122.96725,-152.3462061,16.15984536,0.287669637
SAM112,CN1C[C@H](N)C1=O,155.915,-224.9303976,12.19309525,0.312107441
SAM113,CN1C(=O)C2C(=O)NC(=O)C[C@H]2C1=O,160.09775,-244.7035708,15.31331471,0.304342836
SAM114,CN1C(=O)C2C(=O)NC(=O)C[C@@H]2C1=O,163.98025,-248.4087043,15.35701019,0.295646291
SAM115,CN(CO)CCO,143.1215,-150.8296636,13.11502496,0.295410086
SAM116,CN1C[C@@H](N)C1=O,147.0335,-220.6447734,12.20053992,0.32089926
SAM117,CN1[C@H]2CC(=O)C[C@@H]1[C@H](O)[C@@H]2O,129.51225,-199.1984184,19.18381563,0.287013397
SAM118,OCc1nnc(CO)[nH]1,101.887,-93.5523208,13.97778498,0.331078623
SAM119,C[C@@]1(C(N)=O)CNCCO1,128.84375,-169.7404475,13.68341771,0.325018106
SAM120,C[C@@H]1O[C@H](N)[C@@H](O)[C@H](O)[C@@H]1O,182.95075,-191.7960344,14.34738985,0.321346147
SAM121,NC(N=O)NO,164.298,-134.78206,11.80714999,0.369376933
SAM122,C[C@@H]1O[C@@H](N)[C@@H](O)[C@H](O)[C@@H]1O,183.66,-188.5631172,14.31454097,0.319941325
SAM123,N[C@H]1COCCNC1=O,93.65525,-120.3723352,13.37735169,0.301035321
SAM124,N[C@@H]1COCCNC1=O,79.6345,-115.5888257,13.35426007,0.303947549
SAM125,OC[C@H]1NC[C@@H](O)C(O)[C@@H]1O,169.89175,-180.4103021,15.44753299,0.299013791
SAM126,N[C@H]1C(O)[C@H](O)[C@@H](CO)O[C@H]1O,171.53725,-202.2056761,15.08508816,0.313749526
SAM127,N[C@H]1C(O)[C@H](O)[C@@H](CO)O[C@@H]1O,167.16975,-197.4894096,15.09557284,0.314876266
SAM128,N[C@@H]1C(=O)NC[C@H]1O,172.628,-187.3531454,12.29581986,0.319103915
SAM129,CNC(=O)[C@H](N)[C@H](C)O,80.25675,-73.05349054,14.49068664,0.320136019
SAM130,NC(=O)C(=O)NCc1cnc[nH]1,134.4615,-218.0278118,14.94033245,0.334276655
SAM131,NC(=O)CC1(N)COC1,110.3845,-134.8595515,13.94710243,0.323229371
SAM132,NC(=O)Cc1c[nH]nn1,140.61125,-150.00026,14.02139823,0.349126664
SAM133,NC(=O)[C@@H](N)CN1CCOCC1,69.41875,-119.8868219,15.99566957,0.294583312
SAM134,NC(=O)[C@H](N)CN1CCOCC1,71.48275,-117.1591663,16.00500936,0.299476439
SAM136,N[C@@H](C[NH+](CCO)CCO)C(=O)[O-],117.03475,-311.2234295,23.45460727,0.325541659
SAM137,N[C@@H]1CC[NH2+][C@H]1C(=O)[O-],168.3095,-343.7688634,13.04097655,0.321371421
SAM138,N[C@@H]1C[NH2+]C[C@H]1C(=O)[O-],161.19475,-287.8242897,13.07546666,0.313115094
SAM139,N[C@@H]1C[NH2+]C[C@@H]1C(=O)[O-],170.14725,-299.5892476,13.0908547,0.312452413
SAM140,N[C@@H]1OC[C@@H](O)[C@H](O)[C@@H]1O,172.03425,-187.6981539,14.38173356,0.307866446
SAM141,N[C@@H]1[C@H](NO)O[C@@H](CO)[C@@H](O)[C@@H]1O,169.8835,-204.4050218,18.59415903,0.349313078
SAM142,N[C@@H]1[C@H](NO)O[C@H](CO)[C@H](O)[C@@H]1O,166.467,-209.5046485,18.24906386,0.348519171
SAM143,N[C@@H]1[C@H](NO)O[C@@H](CO)[C@H](O)[C@@H]1O,161.0455,-205.1721073,18.87278868,0.345745645
SAM144,N[C@@H]1[C@H](NO)O[C@H](CO)[C@@H](O)[C@@H]1O,165.81175,-208.3875028,18.63180215,0.345739309
SAM145,N[C@H]1CC[NH2+][C@@H]1C(=O)[O-],179.67075,-340.5122805,13.06417185,0.321354293
SAM146,N[C@H]1CC[NH2+][C@H]1C(=O)[O-],177.817,-345.2523469,13.04585307,0.326067532
SAM147,N[C@H]1C[NH2+][C@@H](C(=O)[O-])C1,178.61425,-422.7786098,13.60223211,0.324619018
SAM148,N[C@H]1C[NH2+]C[C@H]1C(=O)[O-],158.3295,-293.7691412,13.11100788,0.312641305
SAM149,N[C@H]1C[NH2+]C[C@@H]1C(=O)[O-],158.43,-288.6045199,13.07088096,0.309014393
SAM150,N[C@H]1OC[C@@H](O)[C@H](O)[C@@H]1O,168.83025,-188.2603697,14.38231487,0.309372534
SAM151,NCC(=O)CCO,166.65775,-191.106675,14.42756871,0.322805807
SAM152,NCC(=O)C[C@@H]([NH3+])C(=O)[O-],160.97275,-262.6258588,14.47136769,0.360001415
SAM153,NCC(=O)C[C@H]([NH3+])C(=O)[O-],172.12175,-264.0024118,14.50172921,0.363676996
SAM154,CNC(=O)[C@@H](N)[C@H](C)O,75.65225,-68.83033809,14.51009019,0.318500465
SAM155,CNC(=O)[C@H](N)[C@@H](C)O,91.33775,-82.27113278,14.4938568,0.322842212
SAM156,CN1CCN(C[C@@H](O)CO)CC1,158.6205,-179.2919765,17.4996881,0.271189288
SAM157,C[C@]1(C(N)=O)CNCCO1,122.99425,-166.240621,15.84306304,0.324447204
SAM158,CN1CCN(C[C@H](O)CO)CC1,157.1895,-172.3185327,17.4710276,0.275882451
SAM159,CC1(N)C(=O)NC(=O)NC1=O,198.7365,-288.6830325,13.1538609,0.343155923
SAM160,CN1[C@H]2CC(=O)C[C@@H]1[C@@H](O)[C@H]2O,134.9855,-205.2580032,19.6483923,0.288578704
SAM161,CC(=O)NCCC(=O)NCCO,110.51525,-109.1688713,17.65615505,0.311728474
SAM162,CC(=O)N[C@@H](O)[C@@H](O)NC(C)=O,89.51275,-97.83423099,16.68229929,0.333619323
SAM163,CC(=O)N[C@@H](O)[C@H](O)NC(C)=O,85.0655,-91.82784415,16.66834021,0.328944487
SAM164,CC(=O)N[C@H](C)C(N)=O,117.6,-146.2540905,13.87853331,0.339651453
SAM165,CC(=O)N[C@H](O)[C@@H](O)NC(C)=O,86.02025,-100.3962792,16.70334877,0.333370962
SAM166,CC(C)(CO)[C@H](O)C(=O)NCCO,107.991,-144.8802101,16.49460016,0.311227933
SAM167,CC(C)(CO)[C@@H](O)C(=O)NCCO,115.273,-146.2180705,16.51780315,0.309773476
SAM168,CCNC(=O)C(=O)NCCOC,79.332,-78.68378152,17.06682763,0.280471645
SAM169,CCNC(=O)C(=O)NCCO,121.14075,-159.9883295,15.53043196,0.30015373
SAM170,CNC(=O)C(=O)NC,115.7845,-119.0548522,12.77423737,0.284025761
SAM171,CNC(=O)CN1C(=O)CCC1=O,112.68575,-191.3526247,15.55269635,0.30953057
SAM172,CNC(=O)NCCO,112.84125,-134.4026891,13.76568305,0.322385836
SAM173,COC(=O)C(N)C(=O)OC,113.0645,-147.8113709,15.58289449,0.304836773
SAM174,COC(=O)C1(C(=O)OC)CN1,118.2965,-162.6270467,16.00270666,0.289182672
SAM175,COC(=O)C1(C(=O)OC)ON1C,110.948,-146.5124553,16.10570382,0.286390369
SAM176,COC(=O)C1(N)COC1,86.002,-121.1757132,13.87524985,0.303145244
SAM177,COC(=O)[C@@H](N)CN1CCOCC1,73.58425,-121.6863808,17.49864946,0.295279974
SAM178,COC(=O)[C@@H](N)[C@@H](C)O,84.21575,-82.60028821,14.73171931,0.322959488
SAM179,COC(=O)[C@@H](N)[C@H](C)O,74.42025,-75.80956173,14.78174794,0.327280723
SAM180,COC(=O)[C@@H](O)[C@@H](O)C(=O)OC,110.87125,-174.0431477,15.96345219,0.299445206
SAM181,COC(=O)[C@@H](O)[C@H](O)C(=O)OC,119.86425,-179.9084376,15.92544226,0.302002683
SAM182,COC(=O)[C@H](N)[C@H](C)O,82.61525,-81.91557463,14.60643034,0.324324217
SAM183,COC(=O)[C@H](N)[C@@H](C)O,75.4845,-79.49387601,14.77488028,0.32571252
SAM184,COC(=O)[C@H](N)CN1CCOCC1,70.9445,-118.3219461,17.50338258,0.29988725
SAM185,COC(=O)[C@H]1CS(=O)(=O)CCN1,83.20275,-114.6119,15.81821543,0.334200105
SAM186,COC(=O)c1nnc(C(=O)OC)nn1,102.002,-144.9508595,17.35921131,0.294464056
SAM187,CO[C@H]1O[C@H](OC)[C@H](O)[C@@H]1O,117.39975,-113.4705087,15.95494568,0.279246563
SAM188,CO[C@H]1O[C@@H](OC)[C@H](O)[C@H]1O,115.81225,-111.3852032,15.96375154,0.278135498
SAM189,CO[C@H]1O[C@@H](OC)[C@H](O)[C@@H]1O,116.6605,-112.7968516,15.93930345,0.280743187
SAM190,CO[C@H]1O[C@@H](OC)[C@@H](O)[C@@H]1O,117.5195,-111.9693406,15.92830245,0.278201104
SAM191,CO[C@H]1O[C@@H](OC)[C@@H](O)[C@H]1O,116.57475,-108.558383,15.97681397,0.282566365
SAM192,CS(=O)(=O)NO,104.15825,-149.0071321,12.63378054,0.374133403
SAM193,C[C@@H](O)C(=O)NCCO,109.14,-136.4246239,14.83022045,0.302421238
SAM194,CNC(=O)CNC(C)=O,95.9265,-117.0250582,13.41417327,0.318465061
SAM195,Cn1ncnc2c(=O)n(C)c(=O)nc1-2,114.667,-250.0625907,18.57758266,0.319567
SAM196,NC(=O)CCc1nc(N)n[nH]1,114.02725,-81.00919608,15.39220906,0.363935772
SAM197,NC(=O)Cn1cc(N)ccc1=O,77.1865,-51.4776032,16.79720867,0.377576117
SAM198,NC(=O)Cc1nonc1N,101.528,-102.4823332,13.61948474,0.347004315
SAM199,NC(=O)Cc1nc[nH]n1,108.5405,-92.72565262,13.52401181,0.346883364
SAM200,NC(=O)NC(=O)CO,100.34075,-92.52359834,11.84632683,0.358901847
SAM201,NC(=O)NCCN1CCOCC1,77.5845,-119.3617832,17.37313169,0.294055983
SAM202,NC(=O)NCCO,115.9935,-132.8570227,12.56216586,0.327469311
SAM203,NC(=O)NC(CO)(CO)CO,123.3615,-181.5619543,14.25299552,0.315306214
SAM204,NC(=O)NC1NCCN1,76.6275,-86.62714002,13.69980652,0.345856655
SAM205,NC(=O)C(C(N)=O)C1CC1,115.5685,-132.3380833,14.22766181,0.344165391
SAM206,CNC(=O)c1noc(CN)n1,90.3335,-114.6581001,14.43947407,0.343571758
SAM207,NC(=O)[C@@H]1CO1,92.11925,-88.49214142,11.733567,0.292329175
SAM208,NC(=O)[C@@H](O)[C@H]1CCOC1,72.40075,-107.4021513,14.6352428,0.289564303
SAM209,NC(=O)[C@@H](O)[C@@H]1CCOC1,82.39825,-118.0183552,14.72141488,0.295392588
SAM210,NC(=O)[C@@H]1CCC(=O)N1,102.63025,-163.0480801,13.28560595,0.315176065
SAM211,NC(=O)[C@@H]1COCCN1,75.88825,-116.4158414,13.43288494,0.309208335
SAM212,NC(=O)[C@H](O)[C@@H]1CCOC1,78.5635,-112.5714389,14.60197421,0.293496486
SAM213,NC(=O)[C@H](O)[C@H]1CCOC1,72.845,-109.6279096,14.76254162,0.295442813
SAM214,NC(=O)[C@H]1CCC(=O)N1,101.55875,-162.1802102,13.32949076,0.317947323
SAM215,NC(=O)[C@H]1COCCN1,81.5965,-119.3302936,13.43102808,0.305089232
SAM216,NC(=O)[C@H]1CO1,97.13125,-91.50227933,11.69624037,0.284976682
SAM217,NN1CC(=O)NC1=O,105.77125,-131.6473834,13.37162346,0.334157691
SAM218,C1CNn2nnnc2N1,122.14575,-169.3495583,14.41034834,0.335276614
SAM219,C=CC(=O)NC(CO)(CO)CO,97.64725,-198.0078933,20.35045508,0.306238986
SAM220,CC(=O)Cn1nnnc1N,119.04525,-111.7368293,14.81359298,0.356022219
SAM221,CC(=O)NC(NC(C)=O)NC(C)=O,107.88575,-142.1649946,16.5137143,0.354617695
SAM222,CC(=O)NC(CO)CO,106.164,-129.1384804,13.83436227,0.294624055
SAM223,CC(=O)NCC(=O)CNC(C)=O,88.64575,-82.77985997,16.47274979,0.31350229
SAM224,NC(=O)C1(O)CNC1,102.61925,-107.8176805,12.87279369,0.289914836
SAM225,C[N@H+]1CCNC(=O)[C@@H]1CC(=O)[O-],150.1165,-432.0703196,22.85682461,0.300095054
SAM226,CN1C[C@H](O)[C@H](O)[C@H](O)[C@@H]1CO,152.624,-165.6332231,19.79399844,0.295376117
SAM227,CC(C)NC(=O)C(=O)N1CCNCC1,93.56175,-124.5225207,17.71052454,0.304203128
SAM228,NCC(=O)CN,126.06525,-132.4439217,12.39714574,0.352186519
SAM229,C[C@H](O)[C@@H](N)C(N)=O,194.26725,-195.2867137,13.68583378,0.341571897
SAM230,C[C@H](O)[C@H](N)C(N)=O,195.95725,-177.8863915,13.84069623,0.340590008
SAM231,CN1C[C@H](O)[C@H](O)[C@@H](O)[C@@H]1CO,130.46425,-168.7542441,19.15610524,0.292676375
SAM232,C[N@@H+](CCO)CC(=O)[O-],147.03825,-280.2554835,17.72454534,0.315865046
SAM233,C[NH+](C)C[C@H](N)C(=O)[O-],172.88625,-435.5056535,17.88409118,0.310683532
SAM234,CNC(=O)[C@@H]1CNCCO1,77.21,-93.94774776,15.52317988,0.296532911
SAM235,C[NH+](C)C[C@@H](N)C(=O)[O-],174.8685,-472.79924,20.98715093,0.311504365
SAM236,CN1C[C@H](O)[C@@H](O)[C@H](O)[C@H]1CO,163.7685,-160.6935321,19.04122112,0.300746228
SAM237,CNC(=O)[C@@H](N)CO,150.8895,-164.2857537,13.35501555,0.324505545
SAM238,CNC(=O)[C@H](N)CO,146.61725,-165.2462603,13.36534607,0.321660816
SAM239,C[N@@H+](CCN)CC(=O)[O-],147.17925,-196.8100809,13.65163056,0.313845384
SAM240,C[N@H+]1CCNC[C@H]1C(=O)[O-],112.7445,-202.3559959,15.81180783,0.318580205
SAM241,CN1C[C@H](N)C(=O)N1,168.05525,-203.1252761,13.78008596,0.329194549
SAM242,CNC1(CO)COC1,102.54675,-140.0778238,13.02546893,0.296869673
SAM243,C[C@H]1CNC[C@@H](C(N)=O)O1,158.52325,-217.2786823,14.86978604,0.3209052
SAM244,C[C@H]1CNC[C@H](C(N)=O)O1,157.45275,-210.3538648,14.55298242,0.322194925
SAM245,CN1C[C@H](O)[C@H](O)[C@@H](O)[C@H]1CO,138.41625,-153.3907916,19.42570963,0.298716804
SAM246,OC1(c2cn[nH]n2)CNC1,147.5875,-228.720994,13.36093506,0.296409659
SAM247,NCc1nnc2c(=O)[nH]ccn12,113.01625,-110.633115,16.90379103,0.343504527
SAM248,CN1C[C@@H](N)C(=O)N1,189.02575,-204.9972719,13.78225379,0.330599311
SAM249,CC(C)C[C@@H](NC(=O)CN)C(N)=O,143.703,-221.6112168,20.63670398,0.342253298
SAM250,OCCN1CCN(CCO)CC1,139.22025,-144.7144541,18.0855858,0.27586916
SAM251,O[C@H]1CNCCO1,78.32825,-103.3261047,12.85306082,0.280584698
SAM252,CC(=O)NCCN[C@@H]1CC(=O)NC1=O,138.537,-230.9770326,17.71086727,0.315133457
SAM253,OC[C@H]1N[C@H](CO)[C@@H](O)[C@H](O)[C@H]1O,163.802,-185.555116,15.60093524,0.30303435
SAM254,CNC(=O)NC[C@H]1COCCN1,74.32625,-112.4774377,17.33231916,0.317463526
SAM255,CNC1(C(N)=O)CNC1,127.93275,-146.0881637,13.77860945,0.320069945
SAM256,OCCNC1COC1,84.562,-115.1485134,14.52179252,0.279876321
SAM257,COCCN[C@@H]1CC(=O)NC1=O,136.585,-223.3840526,16.79593256,0.292242867
SAM258,CC(=O)NCCN[C@H]1CC(=O)NC1=O,136.219,-229.3280302,17.73795568,0.319123154
SAM259,NC(=O)c1nc(N)nc2[nH]cnc12,147.1855,-233.0725197,15.0577918,0.379286099
SAM260,CC(=O)NCSC[C@H](N)C(N)=O,161.81775,-182.4092469,17.53477065,0.344871016
SAM261,CC(=O)N[C@@H](Cc1cnc[nH]1)C(N)=O,106.74475,-95.01562741,17.14115376,0.352459866
SAM262,CNC(=O)CCNC(=O)CN(C)C,56.32275,-73.41927822,18.39040894,0.311593736
SAM263,CC(=O)N[C@H](Cc1cnc[nH]1)C(N)=O,121.72925,-125.1217781,17.35869818,0.357308473
SAM264,CNC(=O)[C@H]1CNCCO1,88.4485,-107.2834695,15.49722598,0.30474224
SAM265,C[NH2+][C@@H](CN)C(=O)[O-],143.39175,-224.044494,12.8663786,0.346819561
SAM266,COC(=O)C1(N)CNC1,105.022,-116.2888463,14.50927683,0.295512523
SAM267,COCCN[C@H]1CC(=O)NC1=O,137.77775,-237.0880431,16.65320608,0.300031223
SAM268,COC[C@@H](N)C(N)=O,171.327,-184.2674479,13.96922783,0.329463544
SAM269,COC[C@H](N)C(N)=O,164.4095,-179.5165799,13.73137451,0.324816985
SAM270,C[C@@H](NC(=O)CN)C(N)=O,109.47,-104.0513766,13.45703673,0.353922427
SAM271,C[C@@H](O)[C@@H](N)C(N)=O,186.62825,-221.8031871,13.48203523,0.340141767
SAM272,C[C@@]1(C(=O)NCCO)CNCCO1,79.8305,-155.6957056,21.62121965,0.299232349
SAM274,Cn1c(CN)n[nH]c1=O,145.427,-201.320256,15.77572999,0.350496313
SAM275,NC(=O)[C@H](N)CO,154.62575,-166.3726642,12.31261317,0.326913875
SAM276,NC(=O)[C@@H](N)CO,152.52825,-161.2296663,12.38928558,0.331562429
SAM277,NC(=O)C(=O)N1CCNCC1,84.62875,-117.760385,15.06487003,0.308699146
SAM278,NC(=O)CCN1CCN(C=O)CC1,143.44975,-264.0756791,17.84695507,0.298324167
SAM279,NC(=O)CN1CCC[C@H](C(N)=O)C1,153.3895,-177.6833375,17.36224921,0.318650685
SAM280,NC(=O)C[C@@H]1COCCN1,61.3245,-83.20042505,15.10817741,0.30234693
SAM281,NC(=O)C[C@H]1COCCN1,56.52975,-77.43801702,15.39706843,0.295658726
SAM282,NC(=O)[C@@H]1Cc2nc[nH]c2CN1,130.57225,-195.9827161,15.57201452,0.344169524
SAM283,NC(=O)[C@@H]1CNCCC1=O,88.1515,-114.5746388,14.51861981,0.318417088
SAM284,NC(=O)[C@@H]1CNCCO1,77.6795,-90.05122434,14.22548082,0.304416167
SAM285,NC(=O)[C@@]1(N)CCOC1,84.96375,-124.0216003,12.95235576,0.29805012
SAM286,NC(=O)[C@H]1CNCCO1,77.53575,-91.35119952,14.21183438,0.302975106
SAM287,NC(=O)[C@]1(N)CCOC1,79.212,-123.4585536,12.64086254,0.296152713
SAM288,NC(=O)[C@H]1Cc2nc[nH]c2CN1,132.676,-203.4650432,15.59046987,0.340917591
SAM289,NC(=O)[C@H]1CNCCC1=O,85.12325,-113.8926491,14.49333099,0.313838866
SAM290,NCc1nc(N)n[nH]1,154.91075,-94.13205266,12.77186191,0.367234981
SAM291,NCc1nc(N)nc(N)n1,143.9275,-123.0207592,14.24785947,0.390890499
SAM292,N[C@@H]1CC[NH2+][C@@H]1C(=O)[O-],169.6565,-315.3291867,13.04865385,0.323849093
SAM293,N[C@@H]1C[NH2+][C@H](C(=O)[O-])C1,184.703,-413.4664354,13.43518185,0.320103249
SAM294,N[C@@H]1C[NH2+][C@@H](C(=O)[O-])C1,184.987,-412.2425346,13.54759458,0.31798776
SAM295,N[C@@H]1OC[C@@H](O)[C@H](O)[C@H]1O,164.41975,-172.5155295,13.62373858,0.308097272
SAM296,N[C@H]1C[NH2+][C@H](C(=O)[O-])C1,183.9305,-437.3658873,13.5621527,0.321298029
SAM297,CNC(=O)NC[C@@H]1COCCN1,76.0695,-115.7597434,17.47934395,0.306194204
SAM298,NC(=O)c1nc[nH]n1,145.1265,-128.4109648,12.7512249,0.3258564
SAM299,NC(=O)c1nc(N)nc2c1CNCC2,89.19175,-110.0975238,15.93100885,0.346992884
SAM300,CNC(=O)[C@@H](N)[C@@H](C)O,84.56275,-76.18953557,14.51265284,0.326559794
