SAMindex,True_Values,Fold1_Predictions,Fold2_Predictions,Fold3_Predictions,Fold4_Predictions,Fold5_Predictions,Fold6_Predictions,Fold7_Predictions,Fold8_Predictions,Fold9_Predictions,Fold10_Predictions
SAM001,62.717,62.82316111111115,62.85847222222228,63.789449999999995,62.60581111111115,63.07935555555559,62.13040000000004,63.68347777777781,62.8008666666667,63.433772222222274,62.706511111111155
SAM002,42.50925,49.20049444444445,47.305805555555565,45.44391111111112,46.41989444444445,47.489516666666674,46.49824444444445,56.82765555555555,45.35936111111112,45.027577777777786,48.41000555555557
SAM003,48.74075,52.048433333333314,52.16874999999998,51.14813333333332,52.27619444444443,53.35969444444443,51.44718888888886,52.20166666666664,53.415127777777755,62.32178333333332,52.31320555555554
SAM004,64.153,60.37051111111108,55.16756666666668,61.137388888888864,60.706788888888845,60.99706111111108,59.48163888888886,61.899722222222195,59.47563888888887,62.717761111111095,60.25404444444442
SAM005,54.1965,55.57720555555556,54.9657,55.216533333333345,56.498738888888894,58.13250555555555,55.312138888888896,56.589611111111125,56.92678333333334,57.12279444444445,57.578716666666644
SAM006,53.86575,53.21932777777776,54.85706111111109,50.5638,55.46481666666664,63.26403333333331,51.84348333333331,64.32583888888887,54.20083333333332,56.342927777777774,58.86036111111109
SAM007,40.8,42.63848333333332,42.9583722222222,42.309511111111085,42.29824444444443,44.08708333333331,42.28353333333331,45.06209999999999,42.94587777777775,43.18962777777776,48.227683333333346
SAM008,45.40425,46.35483333333336,47.24945000000002,45.42087222222224,45.322072222222246,46.821805555555585,45.30159444444447,51.948338888888905,46.1739277777778,49.80041111111113,49.03001666666669
SAM009,70.59275,75.51586666666664,72.5753444444444,72.18304999999995,74.0647055555555,74.94304999999997,76.05825555555555,74.51977222222217,70.16646666666664,68.77721666666662,72.97247777777773
SAM010,88.6725,94.70415555555559,104.85261111111107,103.74187222222218,95.86040555555559,96.73863333333338,112.63661111111114,96.6848166666667,95.13759444444449,94.87223888888892,96.6677611111111
SAM011,43.18725,46.4715722222222,45.616488888888874,46.66387222222219,47.78726111111109,48.4566111111111,48.524444444444434,48.901311111111106,54.3222777777778,47.10018888888888,48.813211111111116
SAM012,48.797,48.96238888888891,50.109355555555574,48.942327777777784,49.437655555555565,51.650322222222236,49.201294444444464,49.786194444444455,49.995011111111126,48.69365555555558,49.2576277777778
SAM013,38.93,51.675744444444426,43.427755555555564,42.091972222222225,45.71646111111113,44.21792777777778,43.75744444444445,54.00874999999999,43.69797222222223,47.45404444444446,48.330505555555575
SAM014,57.11225,54.788738888888886,56.10731666666667,53.86791111111109,55.35862222222221,56.609100000000005,54.09732777777777,56.73636666666665,55.059572222222215,57.81685555555554,55.558733333333315
SAM015,66.505,63.190294444444476,62.13747777777781,62.48473888888891,61.09669444444446,63.56403888888891,63.35003888888892,60.59981666666671,56.11998333333332,64.17086111111117,62.90042777777782
SAM016,200.10075,177.8063444444445,186.65049999999994,189.14726666666658,189.53269999999992,191.04382777777772,194.9432055555554,191.99732777777766,192.36851666666655,192.84411666666654,194.08449999999988
SAM017,141.76525,143.72505,143.5021944444445,144.34017777777782,141.6942222222223,142.8706111111112,142.84117777777783,141.54007222222228,145.28140000000002,145.12505000000004,139.66958888888888
SAM018,160.934,149.87695000000002,157.32012222222227,152.42334444444452,153.1975611111112,151.50118888888892,148.19453888888887,152.43282777777785,152.92690000000002,154.54797222222226,152.77673333333337
SAM019,142.40925,136.70604444444442,137.80224444444437,136.28623333333329,134.4559555555555,139.38154999999995,132.0900833333333,138.89755,134.2298555555555,127.98028333333333,136.9805111111111
SAM020,173.88075,171.29315555555553,170.24978333333334,180.94785000000007,170.54659444444445,176.77742777777772,168.6671444444445,174.41425000000007,173.13790555555562,178.77508333333336,172.81087777777785
SAM021,205.80975,205.083238888889,192.16603888888895,193.16442777777786,196.0989277777779,198.89161666666672,188.1552222222222,193.4027111111112,194.93216666666675,195.82336666666683,190.88803333333337
SAM022,146.33975,140.53793333333337,141.90370555555563,139.98196111111116,142.56480000000008,141.07444444444448,144.3865833333334,126.48653333333334,141.3045388888889,145.1177666666667,141.46624444444447
SAM023,152.556,137.65601111111104,142.43861111111102,139.89234999999996,128.78256111111116,139.27723333333327,140.4844388888888,138.23977222222217,139.34791666666666,142.92624999999992,136.7556444444444
SAM024,92.0455,111.78167222222227,113.84375555555562,116.07118888888895,111.68684444444449,117.41248888888897,114.16992777777781,111.41185000000004,110.58331111111117,113.24251111111114,137.0584
SAM025,102.28675,115.5095055555556,113.19523333333342,114.12589444444454,118.58240000000009,115.98303888888896,119.57300000000004,127.90712222222224,119.25419444444451,122.62536666666674,119.21906666666675
SAM026,105.50575,123.09455000000003,123.36650000000003,122.85178333333337,124.49023888888892,119.32673333333332,115.85266666666666,124.08073333333333,149.4409888888889,122.01638333333332,117.9763111111111
SAM027,136.4385,138.2638000000001,140.0589722222223,132.54231666666675,136.67138888888894,136.5555944444445,139.1356500000001,140.1049611111112,143.52027222222222,140.42126666666678,137.77899444444458
SAM028,148.081,146.04139444444448,145.08142222222227,149.09843888888892,146.94320555555564,146.0701555555556,148.62231111111117,148.4750944444445,146.9063111111112,147.68338888888897,144.08253333333334
SAM029,189.36725,185.0669222222223,179.6500444444444,184.10669444444454,186.69493333333344,183.6063722222223,179.4932833333334,188.59561666666676,184.65365555555562,190.47308333333336,184.9206944444445
SAM030,148.328,144.16720000000012,143.20150555555563,142.567188888889,144.51857222222233,145.77220000000014,145.89427222222236,132.95831111111113,143.68124444444456,144.65869444444454,142.72149444444455
SAM031,154.28875,150.9257666666666,148.52781111111105,150.60269444444447,142.34893888888894,150.6529555555555,149.4848555555555,151.41096111111108,149.609311111111,150.59359444444436,150.04516666666657
SAM032,185.1475,179.14264444444447,180.6625611111111,179.17769444444446,179.04885000000002,156.30838333333332,177.51162222222226,182.23681666666667,179.32272222222224,178.44183333333334,184.40205555555556
SAM033,77.066,86.78973888888888,81.78044444444438,79.60844444444439,77.34876111111107,80.9166055555555,80.75634444444438,79.46960555555549,79.49958888888882,81.02167777777771,79.19502222222216
SAM034,118.3065,124.08355555555553,121.20355555555551,123.3207222222222,120.64733333333328,124.97498888888889,122.30029999999998,129.7766722222223,122.40783888888888,123.4542611111111,122.52778888888889
SAM035,123.254,95.25905000000003,114.85532777777772,115.24052222222215,116.31455555555551,114.58842777777774,114.17035555555547,110.51744444444441,114.70643888888884,115.89089999999995,114.00060555555552
SAM036,123.7795,113.29608888888887,118.2714,120.00623888888887,119.08779444444444,119.64390555555555,117.7273666666666,119.16980555555554,118.01474444444442,117.72037222222217,110.81169999999997
SAM037,190.9025,189.85863888888892,181.93958333333342,186.40776111111117,180.1715722222223,187.43889444444451,189.09562777777788,186.00913333333338,187.17481111111115,191.1166055555556,187.62183333333337
SAM038,198.18425,194.80411666666672,189.2280833333333,186.20742222222225,194.7699666666667,190.83471666666665,193.94570000000004,196.41436666666672,194.4534222222223,185.81837222222214,195.13363888888892
SAM039,128.26475,129.3763777777778,127.53656111111113,131.1794388888889,127.27558333333333,131.80951666666664,126.77365,130.28494444444445,130.66619444444444,130.9847611111111,130.46887777777778
SAM040,155.1605,156.9523333333333,156.9540111111111,157.9296611111111,157.52536666666668,156.56820555555555,154.9870222222222,157.19330555555555,156.7492222222222,156.37952222222222,155.19889999999998
SAM041,148.41975,151.44090555555556,146.0022277777778,152.50846666666672,151.20236111111112,148.15535000000003,148.4135055555556,149.26403333333334,148.69020000000003,150.20506111111115,149.40169444444444
SAM042,154.39325,150.80086111111117,150.10647777777783,151.90442222222222,153.48993888888893,151.3353166666667,145.2713055555556,152.79736111111117,151.3087166666667,149.81843888888895,148.7295777777778
SAM043,144.279,147.2394777777779,147.7810944444445,151.30893888888892,150.37930000000006,151.66367777777785,147.3542166666668,146.55236111111114,149.0024555555556,146.34048333333348,148.61723333333344
SAM044,156.47425,151.90938888888886,153.4986444444445,153.4897944444445,156.03931666666674,155.02892777777788,153.00276666666673,153.76667222222233,153.4825222222223,153.61417777777783,153.40963333333337
SAM045,131.09375,131.8723944444444,132.6281611111111,129.15768333333335,131.03875000000002,132.56915555555557,132.58059444444444,133.20555555555555,132.66422777777774,136.09005000000002,131.45822222222222
SAM046,153.00625,149.23400555555563,151.76620000000008,151.66745555555565,150.70581666666675,150.51743333333343,149.25605555555563,146.40903333333338,148.12612777777784,147.32336666666671,150.4960222222223
SAM047,148.63225,149.29829999999998,148.6639333333333,148.6233666666666,147.88829999999993,148.3671555555555,145.89728888888897,149.3767666666666,146.83607222222219,148.44606111111108,149.24047777777773
SAM048,152.11725,152.7204333333334,154.1472777777778,152.98765000000012,153.73018333333346,152.60672777777788,153.50121666666678,153.85193888888898,151.9823333333335,149.93556111111118,151.49625000000012
SAM049,164.192,154.25292777777784,159.52753888888887,153.42625000000004,157.45305000000005,157.78550000000004,158.37635,159.78682777777783,152.45516111111118,157.3514611111111,160.19789444444447
SAM050,152.6485,149.80646666666678,150.791438888889,151.97662777777785,150.64027222222234,150.73931666666678,146.6815444444445,150.87567777777787,148.8509111111112,150.3628277777779,150.73853888888897
SAM051,144.48675,146.76043333333334,145.20936666666668,146.72553333333335,146.8449166666667,146.65180555555557,146.11081111111116,146.40306666666672,143.48461666666668,148.70453888888892,145.16348888888893
SAM052,222.5885,212.76031666666657,216.56945555555546,209.5620055555555,214.34947777777776,213.12197222222215,198.36627222222225,212.72109999999992,212.56604444444434,213.74964999999995,213.33720555555547
SAM053,164.7975,156.16999999999996,157.26889999999995,158.3123999999999,158.5895333333333,159.63081111111103,158.18049999999994,157.1470999999999,143.8946444444444,156.63493888888883,151.94999999999993
SAM054,153.09925,138.60018888888894,142.24972777777788,138.4728722222223,145.6839722222223,140.64480555555562,143.17375555555563,145.24980555555567,146.32977777777793,142.17337777777786,145.62878333333344
SAM055,167.82075,154.74777222222215,148.55343333333332,157.58873888888883,150.26164999999997,158.64871666666662,159.7284833333333,156.02882777777776,157.83733888888887,129.87006111111117,155.91922777777773
SAM056,143.0795,139.59093333333328,124.98919444444445,138.52488888888885,138.00647777777772,140.40173333333328,137.93273888888885,140.9633388888888,137.9722555555555,139.69851666666662,137.32461111111112
SAM057,240.311,223.63123888888882,220.9682555555555,219.0734833333333,212.57488888888878,216.83441111111105,222.2402777777776,209.54211111111107,210.2966333333333,222.3434944444443,179.31106666666665
SAM058,77.07575,80.45233888888887,81.4422333333333,85.71448888888887,79.50703333333331,79.74628333333332,84.04101666666664,80.5401111111111,90.74815555555553,78.52722777777777,80.93327777777776
SAM059,162.82475,154.80172777777773,159.4706499999999,149.3547666666667,158.3057499999999,159.44637222222212,156.24988888888882,157.60811666666663,159.20308333333324,154.56051111111108,156.79171666666664
SAM060,163.94175,153.52128888888885,159.10704444444445,157.13076666666666,158.24878888888887,156.84365555555553,157.85054999999997,157.98144444444443,155.60536111111108,158.45151666666666,157.54052222222222
SAM061,138.26825,126.7892777777778,133.04281111111115,134.7595555555556,136.34411111111118,132.9400166666667,136.42337777777783,137.0049722222223,134.7314722222223,133.28236666666672,137.8476333333334
SAM062,142.36,138.3984444444444,139.91538333333332,138.64978333333332,136.26883333333336,134.66407777777775,139.33408888888889,133.3270333333333,139.0216222222222,134.64855555555553,134.58091666666667
SAM063,187.5105,195.2122111111112,187.0329555555556,189.84628333333342,189.9380666666667,191.49098333333342,187.76643333333337,187.8511500000001,191.131538888889,190.8022111111112,190.13448888888897
SAM064,158.6075,150.73760555555555,154.9615944444445,155.51499444444445,150.82020555555556,155.3673666666667,155.30036111111116,152.4681,155.3460444444445,157.71650000000005,154.34629444444448
SAM065,141.4815,143.15816111111107,142.30546666666666,143.59605,145.6608222222222,140.80177222222218,142.84599444444441,138.99060000000003,141.22238888888887,141.59989444444443,140.4494
SAM066,136.882,140.73120555555548,131.18631111111108,138.97046111111104,144.16331666666665,140.2803055555555,141.8629777777777,142.9556,143.76767777777772,142.97959999999992,139.8128499999999
SAM067,163.522,160.2088444444444,158.60128333333327,154.605,161.99096111111106,157.8084611111111,158.71707222222219,160.76746666666662,161.95038888888882,158.40241111111106,154.8277388888889
SAM068,76.511,76.82141111111109,76.59155555555552,78.00736666666666,76.99206666666667,78.15197777777774,78.60727777777778,76.12342777777775,77.36391111111111,77.10840555555554,75.82412777777778
SAM069,155.9785,153.41091666666674,148.8137055555556,152.8185555555556,145.22663333333327,152.25735000000003,153.4859333333334,150.83327777777785,152.64221111111118,155.15771666666672,155.97687777777784
SAM070,122.08875,123.41734999999996,122.2648722222222,123.6068666666666,123.60298888888887,122.65321666666661,118.58448888888884,123.77130555555549,123.71409999999995,126.92362777777778,123.5165333333333
SAM071,74.39125,75.91296666666668,75.03550555555557,76.04522222222224,76.34582222222222,75.63667222222223,76.7968777777778,75.97842222222224,77.57802222222223,74.19144444444446,77.39209444444445
SAM072,90.64,95.29812777777778,101.0720388888889,98.58859444444444,96.67011111111108,109.94932777777782,96.7759222222222,102.66115555555557,101.62365555555556,97.75097222222217,98.15500555555555
SAM073,85.97725,86.80674999999995,96.75331111111107,87.98391111111106,88.13039444444439,88.53088333333329,88.06511666666661,88.57584999999997,91.81326666666662,90.43501111111105,89.08282222222218
SAM074,109.71725,113.1872888888889,116.62612777777777,124.6741,109.08156111111111,111.78374999999998,112.4206722222222,115.90503333333332,113.93742222222221,113.47085555555554,114.65365555555556
SAM075,64.89475,79.05924444444446,68.3978722222222,68.32716111111111,67.66296666666663,67.28476666666664,72.78299999999999,70.93132777777777,69.62282222222218,72.93141666666664,71.04710555555553
SAM076,77.432,76.39814999999996,75.2441833333333,74.52656111111108,76.3755444444444,75.65699999999995,76.40177777777775,74.96986111111106,76.31648333333328,73.68452777777777,77.10792777777773
SAM077,94.521,89.85372777777782,81.46681666666667,92.82593333333338,89.42019444444449,88.45888888888895,94.61754444444448,91.05530000000003,91.77468333333339,91.1027166666667,96.3378166666667
SAM078,116.328,122.02587777777784,120.68287222222229,118.97105000000005,114.57651111111116,118.40168888888897,116.4620111111112,114.82916666666671,122.54379444444447,116.86706666666673,118.19833333333335
SAM079,105.82,112.44861666666665,109.22163333333333,107.69125000000001,118.0983555555555,108.64186111111108,109.14133333333332,110.49976111111113,109.11210555555557,107.41610555555556,109.57214999999998
SAM080,106.954,115.19220555555555,112.51311666666668,115.92994999999996,112.03073888888892,112.17859999999999,111.61173333333333,112.86552222222225,112.90427222222226,113.76256111111114,120.80574999999997
SAM081,92.53725,90.39006111111108,91.19468888888883,93.88013888888887,91.56011666666663,93.70456666666665,91.9803222222222,91.45757777777774,92.44995555555553,95.50663888888887,90.35156666666661
SAM082,117.593,125.19835555555554,125.60216111111104,125.04396666666659,126.63619999999996,123.62558888888884,124.24903333333332,122.59791666666662,121.3598444444444,133.96255555555558,122.13687222222215
SAM083,117.0365,118.75213888888894,126.59092777777775,121.55231111111118,116.4180444444445,121.24992222222227,120.59957222222225,118.12706666666672,118.31497222222227,121.76282777777783,122.51221111111116
SAM084,108.67025,108.2541166666667,106.74336666666672,109.94743333333338,109.94573888888895,108.6116333333334,107.95932777777784,108.71425000000004,106.40553888888893,109.5186666666667,108.7759055555556
SAM085,106.39825,108.77194444444453,109.78450000000008,107.30259444444451,108.98402777777788,107.89441111111117,109.67476666666674,107.14387222222229,106.96641111111116,110.34393333333335,107.8288611111112
SAM086,108.0285,109.16696111111114,116.36483888888893,113.06896111111114,117.43973333333335,111.16200555555558,110.19819444444445,112.49749444444444,111.85594999999999,112.5062944444444,111.81312777777781
SAM087,108.98075,110.36877777777778,109.83125555555557,110.74362222222226,111.33992777777783,110.42661666666667,110.76303888888891,110.03855000000001,107.75626111111113,109.07742777777779,113.53648888888893
SAM088,86.03725,87.87266111111106,90.79001666666662,86.6857444444444,87.34473888888884,88.45290555555552,90.87831111111107,89.27534999999996,89.26463888888885,88.60148888888884,86.0445555555555
SAM089,88.64425,87.66453888888884,90.44612222222217,86.19233888888883,89.94142777777775,91.22262222222216,88.82664999999996,91.53983333333328,88.11267777777773,87.7920444444444,86.50807222222217
SAM090,91.21325,96.10913888888881,98.65906666666659,101.57708888888885,100.52426666666659,98.13804444444439,97.06712222222215,105.6469611111111,96.63971666666662,97.28236666666659,96.8105333333333
SAM091,111.3995,114.68942222222229,119.1885555555556,119.24253333333338,118.02297222222231,138.5346055555555,121.33763888888896,118.74816666666673,119.55716666666673,123.96643888888892,121.39328333333341
SAM092,108.452,114.92302777777786,113.96482777777781,117.58668333333338,113.15870000000005,122.81715000000001,114.18093333333339,115.40027777777782,112.6618944444445,114.43251666666674,116.61500000000007
SAM093,66.9665,68.4353,67.59666111111113,67.6294111111111,66.66370555555555,68.29312222222221,72.31533888888887,68.7719,67.66885,68.8115277777778,68.53417222222221
SAM094,90.41975,118.20720555555557,102.09536111111113,93.7181777777778,105.18325555555556,96.0504888888889,100.89508333333336,105.21471111111111,102.78331111111113,101.22605555555558,101.11877777777778
SAM095,112.95075,112.57506666666666,117.5820222222222,115.62263333333334,113.21698888888892,114.13209444444445,114.04068333333333,114.11886666666668,112.19516666666667,111.2776111111111,115.46572222222227
SAM096,101.59725,117.03228888888884,114.88760555555551,118.60674444444435,143.53247777777776,115.62796666666658,114.16008888888884,116.83566666666661,117.50811666666662,113.36865555555548,112.19096666666661
SAM097,63.84375,67.61196666666667,65.92422222222221,65.53877222222222,66.66381666666666,64.71951111111113,65.15258888888889,65.44009444444444,70.01702222222222,69.6545,66.11756111111109
SAM098,59.67675,65.53620555555557,62.59438333333337,62.85683888888893,62.69718333333336,62.521427777777795,64.17111111111113,66.44313888888891,65.79810000000003,76.65844999999999,65.2839166666667
SAM099,74.7025,84.10329999999999,78.53066111111109,84.22812222222221,80.83023333333333,82.99986111111112,85.83078888888888,78.21731666666665,84.16048333333332,96.75846666666665,82.80191666666663
SAM100,116.545,133.36684444444447,135.77222777777777,128.74561111111115,135.18673888888893,125.60353333333336,133.3312611111111,135.69143333333335,130.63496111111115,132.39823888888893,162.14460000000003
SAM101,120.1215,120.91819444444454,123.78322777777785,121.49835000000009,123.88432222222231,123.68232222222233,120.3058722222223,121.5633388888889,122.2822444444445,124.17977777777779,123.95816111111118
SAM102,85.48025,96.39638333333335,104.19026666666666,100.117,104.70927222222221,97.6241611111111,91.77073888888891,93.97408888888893,93.63771666666669,94.40236111111115,95.72130555555559
SAM103,93.27825,94.47957777777773,116.0489388888889,100.87821111111111,100.05376111111107,99.56178333333332,101.9734722222222,96.87338888888887,101.09326666666662,97.52216111111107,96.04768888888886
SAM104,112.58475,114.22524999999997,116.22357222222222,115.09091666666667,115.11412777777778,118.01239444444444,113.15796111111112,111.96284999999999,122.92535555555553,117.05543888888889,114.52163333333331
SAM105,81.7565,84.1841611111111,84.16745555555553,85.34918888888886,82.99877777777775,85.2119611111111,86.05022777777776,85.03901666666665,85.07921666666665,86.29845555555553,87.74393333333333
SAM106,101.951,102.24615,100.11036111111112,104.61740555555555,99.62717222222221,100.97257777777781,112.13706111111108,101.41625000000002,102.35872777777777,103.98831111111109,103.40178888888889
SAM107,80.298,85.3259166666666,82.09304444444439,96.30594999999998,87.69402777777775,86.63920555555556,89.14183333333331,88.50391666666657,86.73951111111106,86.02502777777771,90.51089444444445
SAM108,89.49125,89.77256111111113,92.13039444444445,91.18593888888891,84.4914222222222,91.28961666666667,91.69611111111112,90.74908888888889,90.79185,88.27441111111114,89.04638333333335
SAM109,114.55325,120.16138333333329,119.76928333333332,116.22864444444444,119.90243888888888,122.31708888888883,117.04599444444442,118.35478888888888,129.2386,116.2569222222222,117.19900555555553
SAM110,124.09175,127.99428333333326,123.6763444444444,135.35880555555556,128.72266666666658,132.22740555555552,130.49199444444434,126.53803333333326,130.0948222222222,127.21987777777771,128.36437222222213
SAM111,122.96725,123.54940555555554,124.44597222222217,125.66584444444445,126.99033888888894,123.36863888888888,127.41974444444439,121.01084444444442,128.90959999999998,126.27947222222218,130.34727777777775
SAM112,155.915,160.77719999999997,156.5004277777777,159.11837777777774,158.66629999999998,160.34324444444448,165.21939999999998,157.32505555555554,155.4522999999999,158.32005555555557,159.69012777777778
SAM113,160.09775,153.49206666666666,159.35516666666663,157.3002944444444,153.77928333333327,156.74582777777772,157.0699555555555,154.2771833333333,159.3782444444444,155.78783333333325,146.79696666666663
SAM114,163.98025,156.53487222222216,159.44495555555548,155.23849999999993,157.80304999999993,160.65427222222212,158.53396111111107,147.3803388888889,158.1769555555555,159.38081111111097,151.65434999999994
SAM115,143.1215,138.42379444444455,137.02671666666674,136.15731111111114,142.89960555555567,142.24792777777787,136.1191611111112,141.38796111111122,140.36344444444453,142.6295611111112,143.08838888888897
SAM116,147.0335,154.18249444444442,154.68258888888877,154.59800555555546,154.41084444444442,162.82273888888892,166.4180611111111,154.41149444444443,155.6830999999999,154.98204444444445,152.76207222222214
SAM117,129.51225,132.40469999999996,131.58081666666655,129.33227777777768,131.85775555555543,131.2913444444443,130.4501499999999,131.8496999999999,135.54602222222215,133.5765833333334,131.3815222222221
SAM118,101.887,96.97135000000003,95.18037777777782,96.55260000000003,97.97540000000001,97.57996111111115,92.3092055555556,95.54967222222224,83.08780555555555,95.45060000000002,95.08773333333336
SAM119,128.84375,131.9609277777778,129.44175,129.59552222222223,127.98192222222222,133.564,130.88038333333333,129.04381111111113,128.1324833333333,131.08701111111114,128.98567222222223
SAM120,182.95075,180.50352777777778,176.4739833333333,177.9488833333333,180.89906666666664,176.71585,176.39864444444444,176.29347777777775,167.1437333333333,176.91262222222218,177.88447777777776
SAM121,164.298,151.45732777777772,155.8651666666666,158.0198999999999,149.5948444444444,153.27271111111102,151.90799444444437,156.24563333333325,147.48727222222215,154.53397222222216,140.92631666666668
SAM122,183.66,179.7449944444444,175.06186111111109,170.31647777777775,179.83062777777772,180.0024055555555,175.85444444444437,177.8879444444444,178.3040666666666,175.05476111111105,178.86899999999994
SAM123,93.65525,90.49796666666663,93.5689166666666,94.7023055555555,88.43787777777774,91.52439999999996,91.68499999999993,87.2228833333333,91.12442222222221,91.55262222222217,89.68513888888886
SAM124,79.6345,81.92387222222229,82.47280555555561,86.75260555555558,81.15457222222228,82.42601666666671,84.66852777777781,80.06964444444452,93.32446111111112,85.16235555555559,80.11552777777784
SAM125,169.89175,167.44883333333323,159.51385,167.31103333333323,166.01349444444435,165.095111111111,163.71937222222212,166.6560222222221,163.5794277777777,165.8088999999999,166.60256666666655
SAM126,171.53725,167.95186666666675,168.906438888889,168.68100000000007,167.47154444444453,170.05236666666676,164.2912,168.06821666666673,169.47593333333342,168.62809444444449,169.08628333333343
SAM127,167.16975,164.48303333333337,166.7502888888889,166.63255,167.30755000000005,168.14397222222226,164.43372222222223,167.03002222222224,166.62341111111112,167.07015555555557,167.16643888888893
SAM128,172.628,170.8629666666666,169.71324999999993,174.3676055555555,171.02319444444436,170.09812777777773,170.1734888888888,169.8350777777777,169.1313555555555,169.46613333333337,169.93026111111104
SAM129,80.25675,78.92997777777778,77.5795944444445,79.77439444444445,78.64307222222224,77.88711666666667,77.48846666666667,80.19751111111113,79.39681111111112,79.87152777777779,78.91562222222223
SAM130,134.4615,138.36103888888897,141.3470833333334,136.87535555555561,141.31455555555561,141.28186111111114,140.28106111111114,139.80617777777783,150.74651111111118,142.8620666666667,142.2000333333334
SAM131,110.3845,113.76522222222228,112.55450555555561,113.81324444444448,113.15365000000006,114.78626111111114,114.60048888888895,117.36550000000004,113.07619444444448,114.08355555555558,115.27756111111117
SAM132,140.61125,136.41058888888887,131.32469999999998,119.99110555555558,132.78491666666662,136.1994944444444,135.21002777777773,137.40434999999997,130.74956666666662,131.93172222222222,135.84341666666663
SAM133,69.41875,72.20500555555553,71.53015555555552,77.80297222222218,72.87816666666663,77.0176055555555,74.07127222222219,72.29978888888886,74.68892777777774,86.32634999999998,74.60666111111108
SAM134,71.48275,72.6956888888889,71.66500555555554,73.86041666666667,71.48694444444443,78.16893333333329,72.74500000000002,72.70715,73.49517222222222,78.95919444444446,73.35541666666667
SAM135,220.519,197.75583888888897,204.92318888888897,161.59535000000002,205.45325000000008,190.37323333333342,198.8921333333334,188.80899444444447,203.599238888889,199.47521666666677,194.00730555555558
SAM136,117.03475,130.93586111111102,135.26982222222216,129.24384444444433,134.45045555555546,129.44154444444436,131.5984166666666,130.15639444444435,157.42522222222226,132.5144166666666,132.41364444444434
SAM137,168.3095,178.87023888888893,172.0095111111112,172.4293222222223,171.58902777777786,176.56467222222233,172.0943555555556,174.28107777777785,171.73845555555565,171.49740000000008,173.76190555555564
SAM138,161.19475,163.3381388888888,160.92852222222217,161.31468333333322,161.9902555555555,164.58163888888882,161.93529999999993,162.72913333333324,161.08604999999991,162.54785555555551,162.4454111111111
SAM139,170.14725,167.90334444444443,167.22696111111108,166.38933333333335,168.0252888888889,169.9062722222222,168.35027222222223,166.41694444444443,163.36808333333332,167.61545555555557,166.49974999999998
SAM140,172.03425,175.51467222222217,171.33534999999995,171.7232944444444,173.2053444444444,173.8231499999999,170.45504444444435,168.92577222222212,172.4871055555555,170.82098888888885,173.94388333333325
SAM141,169.8835,164.52267222222218,165.94001666666662,163.13971111111107,166.84623888888882,169.1766499999999,167.72031111111107,165.9465166666666,167.0534166666666,168.01043333333328,166.88324999999995
SAM142,166.467,162.61003888888885,164.46297222222216,162.3979777777777,164.9089388888888,166.63506111111104,166.0503388888888,165.95778888888879,165.01988888888883,165.9661666666666,165.0770499999999
SAM143,161.0455,156.9525388888889,156.73541111111118,158.37522222222228,159.6844333333334,152.51633888888884,158.8905222222223,156.25343888888895,159.82266666666675,159.37775000000005,159.35067777777786
SAM144,165.81175,163.52627222222216,163.0283944444444,162.60281666666663,163.75403888888883,165.21581666666657,164.30249999999992,162.66741111111105,164.67335555555553,166.88108333333327,163.85033888888879
SAM145,179.67075,178.9463111111112,177.94075555555565,178.64651666666677,174.02677222222223,178.02197777777786,179.11133333333342,179.236638888889,176.4159722222223,178.05871666666678,176.45901111111118
SAM146,177.817,178.94856111111116,177.08080000000004,177.00190000000003,174.78223333333332,181.4319611111112,177.79496666666668,177.39177222222227,175.9834833333333,177.87938888888894,177.47775555555558
SAM147,178.61425,178.6276499999999,181.13240555555552,179.00867222222217,179.60164444444433,179.89182777777768,180.96312777777777,179.52786666666663,180.71039999999996,179.5974666666666,179.3649166666668
SAM148,158.3295,161.62353888888882,159.6074555555555,159.86923888888882,160.31498888888885,163.33397222222223,160.1701388888888,160.72898333333325,161.1200888888888,161.48995555555544,161.1788444444444
SAM149,158.43,162.92392777777775,160.41567222222227,160.89514444444453,160.58197777777784,160.78320000000008,161.80063888888895,159.87563888888897,160.67663888888893,159.78922777777782,160.16355555555558
SAM150,168.83025,174.24452222222217,169.91467777777777,169.06379444444443,169.64994999999996,171.60538888888888,168.45385,167.56115,169.75135555555553,168.00463888888885,168.52237222222217
SAM151,166.65775,158.02415000000005,157.55622777777785,149.9553222222222,163.74396111111125,165.03341111111118,164.2556444444445,160.9713722222223,163.50590555555564,164.53695555555564,163.14005555555562
SAM152,160.97275,163.41616111111105,171.7681777777778,162.4471111111111,163.03902222222217,160.4387055555555,157.28804444444438,158.41062777777773,164.57497777777775,162.49644999999995,168.30818888888885
SAM153,172.12175,171.96253888888896,169.7379555555556,169.36431111111114,168.95266666666672,166.42089444444446,166.7465722222222,167.45534444444445,171.11853333333335,169.1401777777778,161.36465555555554
SAM154,75.65225,76.93656666666669,77.5483055555556,77.1414444444445,77.7362555555556,77.83736111111111,77.17323888888893,78.44917222222226,76.76267777777781,76.97143888888893,79.11428888888891
SAM155,91.33775,84.83463333333337,89.4159277777778,85.18761111111115,87.23728333333337,85.72857222222224,85.5474555555556,86.88261111111116,78.78195555555556,86.3792444444445,88.17852222222226
SAM156,158.6205,152.28739444444443,152.55045,156.52128333333337,151.12525555555555,149.58859444444445,143.72781111111115,147.3891166666667,153.05331666666672,152.0116,151.67492222222222
SAM157,122.99425,124.33260555555557,126.82999999999998,128.88376111111108,118.7649888888889,124.92193888888889,124.67097777777776,127.37167222222223,121.45376666666665,125.42076666666668,119.42056666666663
SAM158,157.1895,139.19886666666676,149.05332777777787,149.2633500000001,146.12677777777787,141.7558444444445,148.34513333333342,134.15255000000002,147.5467000000001,147.44287777777785,151.6181111111112
SAM159,198.7365,197.0612944444445,191.55693888888888,188.35716111111114,195.08774444444447,194.1122111111111,190.58665555555558,195.18909444444446,194.79809444444447,191.62213888888888,196.1576777777778
SAM160,134.9855,134.6426777777777,131.8356277777777,131.54505555555545,135.47955555555546,131.178161111111,125.76035555555552,133.54093333333327,132.9439388888888,135.38582222222215,133.36092222222214
SAM161,110.51525,103.52188333333332,101.07045555555555,97.81371111111112,84.57518888888886,99.44525,103.22931666666666,99.09611666666669,102.96915555555557,100.3673111111111,96.83677777777775
SAM162,89.51275,93.64584999999998,90.33342222222218,92.93724999999996,93.02849999999998,92.1485722222222,92.08962222222219,97.98138888888892,92.73982222222222,90.97183888888887,92.94622777777774
SAM163,85.0655,87.00417222222228,91.86592777777773,89.50308333333338,87.42531111111118,87.82751666666671,85.50196111111114,87.52792777777783,87.79990000000005,85.21965000000006,87.3372666666667
SAM164,117.6,123.3294166666667,123.19986111111112,127.78854444444445,120.62452222222224,119.27001111111115,118.23560000000003,117.05965555555558,116.81128888888891,117.82517222222224,120.3060277777778
SAM165,86.02025,88.5028555555556,88.88147777777779,89.35715000000002,89.65387777777781,89.81964444444445,90.14759444444447,88.85968333333336,90.0616388888889,93.56608333333334,89.64965000000004
SAM166,107.991,109.1713888888889,111.31056111111113,111.17513333333332,108.43360000000001,110.7570277777778,114.6570944444445,109.65078333333335,108.14576111111111,111.13414444444444,111.25893333333333
SAM167,115.273,116.20955000000005,113.1571555555556,116.92661666666673,110.96476111111114,117.61611111111114,115.96357222222228,112.41965555555558,112.84516111111114,113.46578888888895,112.53561111111115
SAM168,79.332,72.8544166666667,76.44966666666662,78.53083888888882,77.65061666666661,76.88323888888884,81.0445333333333,78.0957833333333,79.23110555555552,79.03244444444438,78.29319999999996
SAM169,121.14075,124.70269444444445,123.9824944444444,126.39908888888878,123.1335944444444,123.3767166666666,125.24737777777771,123.82804444444437,123.67491111111106,122.93661666666661,124.39852777777772
SAM170,115.7845,109.66619444444444,110.50249444444447,112.59243888888888,109.44633333333336,111.51505555555559,107.01835555555557,100.59008888888889,108.96738888888888,113.9581388888889,106.70632777777779
SAM171,112.68575,119.7244111111111,138.6645666666667,121.74029999999999,124.92802777777774,123.75629444444444,120.69284444444445,123.8037111111111,119.45985555555555,118.38075000000002,120.79506111111108
SAM172,112.84125,113.72265000000004,113.99322777777782,114.00721111111112,116.36740000000007,113.79877222222225,115.39237222222226,113.19213888888895,115.73326666666668,115.09250000000003,114.2477555555556
SAM173,113.0645,114.48830000000007,114.17017222222225,116.49531111111108,112.69661111111111,113.6611611111111,112.58802222222225,113.50011666666673,113.55660000000005,115.13558888888895,115.0695055555556
SAM174,118.2965,116.01558333333334,120.44788333333337,118.14010555555556,118.9862666666667,117.43588333333336,119.39599999999999,114.38302222222227,116.56238888888893,117.78035555555556,117.60151111111115
SAM175,110.948,116.1113277777778,114.20645555555558,114.70569444444442,113.8209388888889,112.83268333333334,111.46067777777778,114.81245000000003,113.63698333333338,113.17413888888893,115.45846666666668
SAM176,86.002,87.67554999999996,97.68515555555557,89.19998888888885,88.50177222222219,90.35252222222219,93.90964999999998,87.62818333333331,89.06386111111108,89.3590333333333,90.94352777777775
SAM177,73.58425,74.15631111111107,77.0454833333333,75.04415,75.92642222222217,77.60822777777774,74.42473888888884,75.23768888888887,74.6499333333333,74.60366666666661,76.42988888888884
SAM178,84.21575,81.36822777777778,81.78010555555554,82.84956666666663,85.39851111111108,82.94123888888883,84.71001666666662,83.36638888888886,83.65002222222218,85.70868888888884,82.30708888888884
SAM179,74.42025,75.70486666666667,76.07613333333335,76.88855000000002,76.57238888888891,76.11318888888889,81.5169611111111,76.30972222222225,76.83806111111112,76.58232777777778,75.63108333333335
SAM180,110.87125,111.4594277777778,117.99227777777779,113.39486666666672,112.34626111111116,113.6166944444445,112.11687222222227,114.81170555555559,113.12740000000005,114.24037222222228,113.76030000000006
SAM181,119.86425,120.13825555555557,122.13859444444441,119.99766111111106,117.9583666666666,120.23222777777775,119.06077777777773,120.18089999999995,117.93696666666668,124.12230555555551,117.49721666666665
SAM182,82.61525,83.15333333333331,82.43272777777776,81.05944999999997,81.77017222222217,84.30089444444438,82.08378888888888,82.71381666666663,81.10411666666663,81.73244444444445,81.77969444444442
SAM183,75.4845,77.73625,77.65463333333334,78.28419444444445,79.42293333333333,78.55141111111112,80.03492777777778,80.77980555555554,78.20963888888888,76.614,76.24315
SAM184,70.9445,73.75830000000002,74.55297222222222,71.86563333333335,74.04767222222223,79.09497777777776,72.76449444444445,72.40423888888891,73.96955555555559,72.65848333333335,73.92650000000002
SAM185,83.20275,86.19389999999996,84.26116666666664,85.47174999999996,83.94674999999997,84.61117222222218,88.12267777777774,81.74068888888884,90.07188333333332,87.3414722222222,87.53583888888886
SAM186,102.002,107.57021111111115,107.11702222222226,106.15141666666669,107.44303888888888,113.33165,105.77242777777779,105.13566666666662,107.89972222222227,106.38700555555558,106.15115555555556
SAM187,117.39975,117.11120555555553,116.41585555555551,117.22353888888884,117.01513333333332,116.61638888888888,116.55877222222217,116.05914999999996,117.10317222222216,114.03391666666664,115.4195833333333
SAM188,115.81225,113.07709444444441,112.60710555555553,112.18747222222217,117.10322777777773,113.45950555555554,111.7760555555555,112.84252777777778,114.78192777777775,111.84917777777773,107.07804999999998
SAM189,116.6605,116.87794444444438,115.84077222222216,115.8977611111111,116.8993722222222,116.93123888888887,116.11118888888885,115.01163333333332,116.86043333333328,115.18423888888883,116.02405555555552
SAM190,117.5195,116.90639444444439,116.59504444444443,117.30446666666667,117.16351666666665,116.23146666666668,115.31395,116.17496111111114,116.43803888888884,111.74837777777778,115.82946111111112
SAM191,116.57475,116.48887222222216,115.03267222222213,114.68278333333326,116.70354444444436,115.34029444444438,114.56700555555548,112.83609444444444,114.6687999999999,112.92848333333323,113.71741111111102
SAM192,104.15825,121.05298888888893,118.24135000000004,116.56936111111118,113.86328333333338,120.23347777777789,115.01896111111111,121.4584666666667,115.74365000000004,120.07148333333336,139.90829999999994
SAM193,109.14,109.98035555555562,109.38876111111115,110.60097777777776,113.31614444444446,109.3476,110.01346111111114,110.96886666666671,108.3283055555556,110.95271666666667,109.96849444444443
SAM194,95.9265,95.40832222222222,93.29590000000003,96.28408333333333,92.51042222222222,94.74696666666665,95.47004444444444,92.08881111111114,87.84953888888886,92.41921666666669,94.14700555555557
SAM195,114.667,121.94249444444448,116.90565000000008,114.18242222222224,120.2218944444445,118.24308333333336,125.9690222222222,122.88031666666679,119.74527222222228,121.60637777777785,119.94314444444444
SAM196,114.02725,107.68493888888894,106.86684444444448,110.2747555555556,96.02159444444443,101.91708888888894,110.17146111111116,110.66017222222227,107.64806111111116,103.39078333333336,110.4767055555556
SAM197,77.1865,79.86817777777775,77.86377222222215,82.6252166666666,80.83619999999993,78.47784999999996,84.31049444444444,82.27340555555548,78.28343888888882,82.55879999999993,79.68608888888885
SAM198,101.528,104.85166111111108,99.39158888888883,102.41515555555553,98.97843333333327,95.79742777777781,104.72424444444441,99.73257222222217,102.44911666666663,102.86787777777772,102.24563888888883
SAM199,108.5405,109.37288888888894,102.35496111111114,107.40534444444447,104.1699555555556,100.86126666666665,109.7908388888889,108.21506111111113,99.59991111111114,106.36130000000004,108.60456111111112
SAM200,100.34075,101.44093333333329,97.11232777777774,104.73652777777778,104.2998333333333,99.17896111111105,96.56034999999997,106.386,93.2436333333333,99.84488888888887,103.08139444444441
SAM201,77.5845,82.30404999999998,78.81912777777775,80.26333888888885,78.60821111111106,79.57168888888886,78.9732944444444,79.51319999999998,77.95914444444442,80.11726111111108,78.7885444444444
SAM202,115.9935,117.16983333333329,118.70189999999992,117.24876666666661,119.39179999999999,117.61082777777771,118.31814444444453,114.63082777777771,116.69533888888887,117.52324444444442,119.33398888888883
SAM203,123.3615,137.97892222222222,130.7409111111111,138.83793333333335,129.3043277777778,147.83471666666668,134.24030555555558,134.0410277777778,127.33473888888888,133.13681666666668,135.7241555555555
SAM204,76.6275,82.56885555555559,81.2981166666667,81.3356777777778,79.66539444444446,80.12293333333335,78.06612777777784,86.28601111111114,81.49244444444449,79.19132222222225,87.07242777777779
SAM205,115.5685,119.03590000000004,118.21273333333332,113.24334444444446,120.26041111111111,113.71011666666666,119.9975,113.7788,118.07190555555559,114.31974444444444,116.82870555555554
SAM206,90.3335,94.28852222222227,94.21445555555563,97.78350000000003,96.37561111111117,95.82047222222226,108.46540000000005,99.25632777777781,98.36423888888893,100.74443888888892,96.18686111111116
SAM207,92.11925,95.06273333333338,93.2973555555556,93.67319444444448,92.06045000000007,91.93899444444439,91.93583888888894,92.36968888888894,92.27112777777779,95.2354277777778,93.55792777777783
SAM208,72.40075,76.63366666666663,75.39496666666662,74.88207777777771,76.37429999999995,75.72467777777773,75.24448333333326,76.51069444444438,80.44215,77.30561111111105,75.9958222222222
SAM209,82.39825,81.91796111111114,80.47426111111118,79.86676666666669,80.83002777777781,83.9182055555556,79.48337222222221,81.8313944444445,80.68131666666672,83.8983055555556,82.47546111111116
SAM210,102.63025,106.85266666666672,111.43863888888895,114.84194444444452,109.5651444444445,107.8814944444445,110.88276111111118,107.68580000000006,112.61657777777783,122.23416111111112,107.1064611111112
SAM211,75.88825,79.19999444444443,78.78404444444445,87.85315000000001,80.50436111111111,81.43821666666666,83.03293888888886,78.66004444444444,80.14321666666663,79.66838888888887,80.12693888888887
SAM212,78.5635,81.5875111111111,79.55527222222227,80.90225000000004,80.04756111111116,80.43072777777785,79.41055000000006,79.29266111111116,80.25204444444452,81.9462555555556,80.67560000000006
SAM213,72.845,78.21841666666661,77.84197222222218,77.7854333333333,75.19917222222219,83.26307777777778,79.73073333333326,78.39123333333329,78.49979444444442,82.36083333333329,77.20218888888887
SAM214,101.55875,104.92148888888894,108.61829444444452,114.18766111111117,104.8215555555556,106.83231111111117,108.09746666666673,106.76177777777785,107.73097777777784,109.75072777777783,103.66096111111118
SAM215,81.5965,80.61603888888892,80.88063888888895,81.63338333333338,80.96327777777782,81.80242222222225,78.96151111111111,82.17992222222227,80.64773888888894,80.52315555555559,81.01184444444449
SAM216,97.13125,96.25983888888888,94.97907222222223,95.96260555555551,93.92488888888884,92.87937222222216,91.7934555555556,94.31757222222221,94.91243888888887,96.7897722222222,95.52391666666662
SAM217,105.77125,118.71123888888886,117.91862777777771,119.53104444444438,129.44295555555553,112.08350555555545,115.37752777777773,116.33190555555551,115.37685555555545,115.88510555555547,113.00501666666659
SAM218,122.14575,125.90397222222218,125.88434999999994,121.34393888888887,119.83156111111111,127.6628277777778,124.70379444444441,122.84579444444442,124.75772777777776,122.31064444444439,130.37859999999998
SAM219,97.64725,117.00200000000001,109.12072222222221,114.46510555555554,144.54400000000004,116.1290388888889,115.25416666666666,108.41329444444442,114.83316111111111,113.82016111111112,116.84493888888889
SAM220,119.04525,111.09747777777781,109.81330555555556,100.68844444444446,107.10033888888891,109.00710555555557,114.9421555555556,110.87157222222223,109.73298333333338,114.9717944444445,111.2116888888889
SAM221,107.88575,111.1355722222222,111.58839444444449,110.97147222222223,110.09423888888891,111.60157777777778,110.63185,110.37035555555556,112.49828888888884,110.92658333333333,110.49381666666667
SAM222,106.164,110.56866111111114,107.42471111111118,109.4437166666667,108.62380555555559,113.71553333333337,112.41257222222222,114.81496111111115,106.67951111111117,109.84915555555558,111.6883166666667
SAM223,88.64575,89.30122777777781,93.08952222222226,90.98226666666672,81.51750555555554,86.62435555555558,87.19260555555557,84.87059444444445,90.97415,86.92262777777779,87.2617888888889
SAM224,102.61925,98.93865000000005,98.29253333333337,98.72859444444447,100.91443333333336,96.96645000000004,100.30781111111112,92.18863888888886,100.22542777777778,99.9327166666667,98.98862222222225
SAM225,150.1165,143.40994444444448,145.0214888888889,144.35467222222226,147.18460555555558,132.47802777777775,143.2654555555556,143.25965000000002,146.63811111111116,143.90236111111116,147.40661666666665
SAM226,152.624,145.95443888888883,138.9269888888889,148.33313888888887,140.2403166666666,146.02531111111102,145.3411888888888,146.91447222222217,144.6462055555555,147.30343333333323,142.6921055555555
SAM227,93.56175,84.48377777777773,86.71077777777774,85.44233888888886,86.1509722222222,89.77011111111106,85.5919222222222,84.76462777777773,88.22221666666663,89.96729444444439,73.70877777777774
SAM228,126.06525,129.6786888888889,126.91208888888886,127.96766111111108,126.96547777777779,126.31612777777777,127.08193333333335,128.47328888888887,121.66598888888885,128.3791777777778,126.06153888888883
SAM229,194.26725,193.66602777777774,191.83261111111108,190.66339444444444,192.76564999999997,185.97268888888894,192.02724999999998,188.73188333333326,192.0821611111111,193.3127388888888,193.28724999999997
SAM230,195.95725,181.7413777777778,189.12953888888893,187.3394777777779,192.7206611111112,184.49452222222232,188.02307222222228,187.07423888888894,187.87630555555563,191.0790833333334,191.48501666666675
SAM231,130.46425,138.79263333333336,137.7172722222222,152.68791111111113,137.0332,137.42808333333332,138.5937833333333,136.1455722222222,133.66386666666665,140.90536111111112,140.49451111111108
SAM232,147.03825,147.92911666666654,148.21772777777767,150.43981111111103,154.71388333333329,147.88298333333327,154.80708333333328,147.38807222222215,152.75224444444433,150.80720555555544,150.3421777777777
SAM233,172.88625,163.989761111111,165.60391111111096,165.61671111111096,165.38956666666655,155.18164444444437,167.5592777777776,157.5625722222221,165.58288333333323,162.46106111111098,167.2256944444443
SAM234,77.21,78.36775000000002,77.96532777777779,78.49613888888891,80.22526111111114,79.92706666666669,80.91825555555556,82.24456666666663,78.32396666666668,78.24327777777779,76.83046111111112
SAM235,174.8685,158.4936777777777,163.74990555555542,161.33132777777766,168.79579999999984,157.70733888888878,166.6164999999999,144.23166111111107,161.726311111111,159.670911111111,157.98270555555544
SAM236,163.7685,154.7219666666667,151.04008888888893,156.17236111111117,154.14513333333338,155.27080000000004,155.82292777777783,154.38673888888894,138.89818333333332,154.89705555555562,153.66127222222227
SAM237,150.8895,148.91163333333344,150.1054833333334,142.51607222222225,150.3635277777779,153.0760333333334,148.09882222222234,147.95046666666676,150.086438888889,150.92472222222233,148.60198888888903
SAM238,146.61725,145.02594444444455,144.8347166666668,143.04253333333347,146.77283333333347,145.0721222222223,144.79555000000013,132.04470000000006,145.4909555555557,148.68880555555566,144.041838888889
SAM239,147.17925,152.6271388888889,148.83207222222228,149.7846444444445,163.01323888888888,150.64363888888897,151.99997222222228,152.9937777777778,151.6036333333334,153.94418333333337,153.9789444444445
SAM240,112.7445,162.83577777777776,144.21146111111105,130.29824444444438,133.62689999999992,133.73637222222214,140.2580055555555,134.6536277777777,141.34744444444436,134.18167777777774,134.6989222222221
SAM241,168.05525,166.03256111111116,164.26211111111112,172.56390555555564,170.75,170.0985500000001,169.1699388888889,171.53143888888894,174.32698888888902,171.5192055555556,178.0690444444444
SAM242,102.54675,110.77456111111114,108.80981111111115,109.88801111111117,125.54919444444452,111.79410555555559,108.54480000000001,109.26200000000004,113.7601722222223,107.95201111111113,111.62836666666672
SAM243,158.52325,152.10992222222225,154.2932944444445,148.0330055555556,145.3855111111111,152.2595111111112,153.76820555555565,152.50553333333337,153.27893888888897,155.8143777777779,150.78458333333336
SAM244,157.45275,155.5670222222223,151.6526722222223,148.45867222222228,152.25183888888893,157.20242777777787,153.6163944444445,154.8233222222223,157.2719722222223,154.10177777777787,161.38479444444445
SAM245,138.41625,135.11953888888894,136.44065555555565,137.87416666666675,134.96682777777778,135.4934444444445,133.4769944444445,137.36181111111122,134.91873888888898,137.65994444444448,138.23666666666674
SAM246,147.5875,154.92182777777774,150.49617222222219,147.89965555555548,150.7028666666666,146.46848888888883,148.88640555555548,150.3552555555555,155.31846666666658,148.63886666666662,166.59923888888892
SAM247,113.01625,112.04954444444444,108.32509999999998,110.95217222222222,110.92372222222217,114.96731111111106,109.88711111111114,112.95527777777774,110.19861666666662,112.41394999999999,113.03676666666664
SAM248,189.02575,179.74260555555546,153.21288333333337,175.2161944444444,176.4735333333333,181.28737777777766,176.09646111111104,179.1911499999999,176.1734555555555,182.05508888888883,179.834911111111
SAM249,143.703,139.45843333333346,144.5807111111112,137.59832777777788,138.89152777777778,139.29418333333342,141.0654777777779,141.52238333333338,146.94072222222235,142.56327777777787,141.79548888888897
SAM250,139.22025,113.20314444444448,128.21066666666673,127.82418333333335,128.70068888888892,128.09796111111115,127.29678333333338,127.48256666666671,131.49577777777782,129.94592222222224,127.99748888888892
SAM251,78.32825,82.79754444444445,85.6769888888889,83.8913388888889,86.07975,91.64968333333334,103.31264444444443,81.20563333333334,84.21925555555556,89.66205555555555,90.21693333333334
SAM252,138.537,141.76499444444448,141.93634444444444,150.04988333333336,142.5384777777778,146.65282777777782,144.51100000000005,141.92661666666675,143.13507222222225,144.8646222222223,140.3521055555556
SAM253,163.802,158.6707888888888,159.61316111111105,162.607561111111,159.42923888888888,158.3164777777777,158.6090666666666,159.82255555555545,161.27906666666664,158.8926888888888,163.15586111111102
SAM254,74.32625,80.98670555555557,77.34807777777782,79.0768277777778,75.0873666666667,79.0509277777778,83.37087222222223,76.47364444444447,79.10958333333335,83.4994277777778,78.16639444444446
SAM255,127.93275,129.77648888888888,143.18455000000006,131.66866666666664,132.6006833333333,126.2448,128.38822777777776,133.22333333333333,128.07209999999995,129.6563111111111,132.86087777777774
SAM256,84.562,87.68301666666662,82.93346666666663,86.29188333333329,85.66179444444441,86.9004777777778,88.99454999999995,83.67753888888885,85.95879444444441,89.11418333333329,85.5274444444444
SAM257,136.585,136.40966111111115,134.74141111111112,137.90584444444448,136.94597222222228,134.92813888888895,137.53723333333335,135.53805000000003,136.13929444444446,135.0463944444445,135.20351111111117
SAM258,136.219,139.28362222222228,138.49267777777783,139.64165000000003,137.90414444444448,144.66067222222227,141.10533333333333,138.11716111111113,137.74616111111115,137.72348333333335,137.72071111111111
SAM259,147.1855,142.74318333333326,145.3158277777777,144.63773333333327,144.63125555555547,149.47814444444435,140.1927666666666,142.61920555555554,144.6153444444444,145.13202222222216,139.75130000000001
SAM260,161.81775,150.45313888888893,152.3143500000001,145.87889444444454,147.34777222222232,149.81812222222229,143.55431666666667,148.85633888888896,132.63051111111113,154.98987777777782,147.09237777777787
SAM261,106.74475,98.83488888888886,101.22756666666662,98.81791111111109,101.65019444444438,101.41621111111104,96.78023888888886,102.87791666666661,99.8200388888888,99.42813888888882,99.32701111111103
SAM262,56.32275,62.64751111111111,63.15154999999998,60.25609999999998,62.98572777777776,61.70788888888889,75.42381666666665,64.66071666666664,63.83142222222221,62.08078333333332,61.00830555555555
SAM263,121.72925,108.58914444444446,111.53640555555558,113.40366666666667,112.25493333333335,114.32875,112.3959666666667,108.63936111111114,112.7900111111111,116.35081111111111,111.21181666666665
SAM264,88.4485,86.9512222222222,87.10424444444443,85.61421666666668,85.64600555555555,87.79544444444443,87.45538888888888,86.61724999999998,89.32856111111109,87.0469611111111,87.3185
SAM265,143.39175,156.23746111111106,174.96037222222222,151.45179444444432,153.23419999999993,153.8169222222222,156.35304444444435,151.67714999999993,153.53758333333326,149.8080166666666,156.43871666666655
SAM266,105.022,97.37081111111108,96.83071111111109,96.77743888888887,94.63807777777774,98.05694999999996,97.46521666666662,84.75818888888888,99.82530555555553,96.5618333333333,96.61804999999998
SAM267,137.77775,140.65767222222232,139.44843888888897,141.15057777777778,137.74992222222224,137.26609444444452,140.09726111111118,138.38461111111118,140.56558888888895,140.5264000000001,137.40321666666676
SAM268,171.327,166.37151666666674,166.9578722222223,166.95260000000007,169.01964444444454,170.67076666666676,170.69764444444453,169.02642222222232,170.63805555555564,170.28491666666673,169.17596111111112
SAM269,164.4095,159.32255000000004,163.05336666666668,161.27640555555553,162.6556333333333,161.56131666666667,161.20889444444444,162.22536666666662,162.78554999999997,166.82915555555556,158.81364999999997
SAM270,109.47,104.75138333333331,106.63480555555552,104.13116111111107,104.70941666666663,105.43764999999998,106.35659999999999,102.42609999999996,108.48066111111108,97.63767222222222,105.88372777777775
SAM271,186.62825,192.15083888888887,188.04771111111108,188.17284999999998,190.3375666666666,193.23776666666663,196.16490555555555,190.00996666666663,189.5389166666666,190.1261555555555,192.1387833333333
SAM272,79.8305,91.34575000000002,88.72776666666668,94.1889,92.60533333333335,92.01452222222225,91.90720000000003,115.82567777777781,90.14903333333335,89.11673333333336,90.62822777777781
SAM273,210.4105,204.15094999999997,201.62675555555555,181.70722777777777,202.67270000000002,202.94190555555554,200.78661111111109,203.18046111111107,200.99431111111113,197.92542777777777,206.30482777777772
SAM274,145.427,134.72389999999993,143.2538722222222,140.18186111111106,145.0148499999999,148.83238888888883,142.5639333333333,144.8539277777777,145.35069444444437,143.70208888888885,141.46616111111103
SAM275,154.62575,155.9227722222223,154.14366666666675,152.28784444444454,153.48172777777785,152.59642222222232,153.04505555555565,156.10517777777784,153.31240555555567,155.06561666666678,149.76546111111116
SAM276,152.52825,150.00826666666674,150.37435000000008,149.01769444444452,151.19996666666674,145.92945555555565,149.64409444444453,138.76365,149.81367222222227,151.28098888888897,149.76673888888897
SAM277,84.62875,86.0031111111111,85.15028333333332,89.5967722222222,87.80698888888885,86.08393333333329,89.83006666666664,85.8983277777778,89.8666444444444,87.2365444444444,86.60851111111108
SAM278,143.44975,145.67608333333322,143.83151666666663,144.48929999999993,143.40028333333322,143.85075555555548,144.76373333333325,145.83476111111105,142.9307444444444,140.0215277777778,145.52510555555548
SAM279,153.3895,148.91386666666676,134.1823111111111,150.13315000000011,145.8021055555556,149.63525555555566,147.6881833333334,147.65452777777784,150.70652777777792,143.8981722222223,145.8102944444445
SAM280,61.3245,65.67434444444446,66.90612222222225,73.11695555555556,63.90660000000002,68.10567222222227,64.09321666666668,65.09963333333334,64.24781111111112,64.32001666666669,64.42458333333335
SAM281,56.52975,74.02632777777781,61.89142777777779,62.639227777777776,59.77303333333332,64.47846666666666,67.65167777777776,64.40804444444446,69.03837222222222,59.397233333333325,66.06506666666668
SAM282,130.57225,131.44066666666674,130.7872055555556,134.8933166666667,131.09732222222232,139.10859444444446,132.3579444444445,133.16153888888897,131.74834444444454,131.20810000000006,132.80262777777781
SAM283,88.1515,86.6336222222222,83.65529444444446,85.54012777777777,86.1879111111111,87.36997777777775,86.15114999999997,86.85431111111107,87.68416111111108,86.08139444444441,85.52054999999999
SAM284,77.6795,77.40777222222226,77.77767777777782,80.65903888888896,79.80453333333337,81.6026055555556,78.24792222222227,82.07382222222222,77.94636111111116,76.6697555555556,77.95103333333338
SAM285,84.96375,90.7768944444444,94.1778722222222,87.60159999999996,87.8952333333333,88.21298333333328,90.33962777777772,85.99890555555551,92.6613555555555,91.89192222222218,86.28441111111105
SAM286,77.53575,77.84795000000001,78.8886777777778,79.45078333333335,79.2430277777778,78.71513888888889,78.68186666666666,80.82591111111111,80.28786666666669,77.19836666666667,78.09796111111113
SAM287,79.212,85.80582777777778,86.85412222222223,81.06707777777777,83.39327777777777,81.01111666666665,81.49652222222221,79.87447777777776,80.9075,81.76015555555556,80.60595555555552
SAM288,132.676,132.36308888888897,132.1426277777778,133.6565388888889,132.3339833333334,135.31156666666672,132.01421111111117,134.75987222222227,131.94278333333338,133.26937222222227,131.9980277777778
SAM289,85.12325,85.50506111111113,86.87071111111115,84.76472222222226,86.43787777777781,87.90092777777781,92.0425611111111,85.33577222222226,89.67233888888892,86.67444444444449,85.51618888888893
SAM290,154.91075,130.42838888888892,99.18504444444444,134.6484611111111,129.57100555555556,128.60182222222224,136.60973333333334,136.14759444444445,133.89241111111113,136.39191111111114,135.35157777777778
SAM291,143.9275,132.7849444444444,127.08665555555548,131.47118888888883,130.43294444444436,130.26039444444436,129.61143888888884,131.12166111111102,132.58620555555547,110.68282777777777,131.033161111111
SAM292,169.6565,171.60711111111115,169.53585000000007,171.69972222222225,169.60448333333338,174.99253888888896,171.80300000000003,169.0928166666667,170.66765555555557,172.0612166666667,167.80703888888894
SAM293,184.703,184.7397111111113,185.5762777777779,183.32553888888907,183.67118888888905,186.53507222222237,182.94016666666684,184.55980555555573,184.4620555555557,183.68029444444463,182.99420000000006
SAM294,184.987,180.7265444444445,181.9915055555556,179.36157777777782,181.69182777777786,185.66092222222227,177.71009444444454,181.0809833333334,182.2393444444445,181.8090500000001,182.54362222222227
SAM295,164.41975,165.57494444444444,161.3034444444444,160.14320555555557,157.69586666666666,160.60553888888887,160.15315555555554,165.40371666666667,161.1420666666667,166.3028777777778,160.02018888888887
SAM296,183.9305,184.65903333333353,184.54936666666674,183.05998888888902,182.48490555555568,183.41323888888903,182.83294444444456,182.2789777777779,183.561538888889,182.93613888888905,181.45347777777795
SAM297,76.0695,76.64592777777781,76.3800555555556,75.93425555555557,75.14262777777782,76.52561666666669,75.94873888888891,76.0313277777778,76.26847777777779,75.41368888888891,77.03750555555558
SAM298,145.1265,132.68632777777785,136.36453888888892,134.33876666666671,136.23115000000007,136.33588333333336,131.70260000000002,135.02490000000006,118.18445555555556,137.97532222222227,132.63466111111111
SAM299,89.19175,85.90062777777776,85.77627777777775,88.95735555555551,87.90167777777775,89.0437222222222,93.02520555555553,91.72709444444443,84.96110555555553,87.38923888888885,83.95787777777774
SAM300,84.56275,82.85999444444447,81.28522222222226,81.99081666666669,80.73070000000003,75.79805,80.34332222222224,81.61273888888893,80.5244777777778,81.82093333333336,81.2162277777778
