,SAMindex,TC_mean,E_pair_var,c_interface_up_mean,c_interface_dw_mean,qed,MaxAbsPartialCharge,PEOE_VSA1,TPSA,MolLogP,MolMR
0,SAM001,62.717,67694.66943,-69.89782502,-55.98032712,0.765519964,0.355518912,5.316788604,12.03,4.04704,65.6407
1,SAM002,42.50925,47293.45367,-87.90539347,-75.87552401,0.472025009,0.088220564,0.0,0.0,4.0092,55.122
2,SAM003,48.74075,85347.73339,-74.24872361,-66.01658367,0.50003843,0.14379833,0.0,0.0,4.116,57.208
3,SAM004,64.153,61163.39262,-74.65112089,-65.89672467,0.633466743,0.140338316,0.0,0.0,4.03194,59.229
4,SAM005,54.1965,82590.63693,-66.57371437,-60.51780523,0.494058196,0.143799325,0.0,0.0,4.0545,59.331
5,SAM006,53.86575,75210.32159,-97.04842857,-88.39553792,0.472025009,0.088220564,0.0,0.0,4.0092,55.122
6,SAM007,40.8,63787.53023,-81.05959699,-69.57660011,0.576374091,0.065076316,0.0,0.0,4.0891,55.146
7,SAM008,45.40425,61382.0353,-85.50859561,-78.56954447,0.616477629,0.06248808,0.0,0.0,4.28872,61.552
8,SAM009,70.59275,37609.00626,-126.2375932,-117.0590724,0.610352107,0.247727804,0.0,0.0,4.2481,50.977
9,SAM010,88.6725,66634.3521,-136.382036,-123.0746443,0.63804814,0.263947188,0.0,0.0,4.08582,53.642
10,SAM011,43.18725,74376.67354,-64.6232782,-55.51927217,0.607376494,0.065382195,0.0,0.0,4.03614,59.145
11,SAM012,48.797,68633.52743,-76.78943099,-67.52069535,0.670717896,0.062225395,0.0,0.0,4.231,63.853
12,SAM013,38.93,51213.93769,-93.05148868,-84.61334803,0.533637049,0.053021486,0.0,0.0,4.393,60.13
13,SAM014,57.11225,65007.22625,-76.47238056,-68.38905725,0.50003843,0.142304245,0.0,0.0,4.116,57.208
14,SAM015,66.505,71322.35407,-74.39209273,-63.68592202,0.584899386,0.12638533,0.0,0.0,4.4456,64.921
15,SAM016,200.10075,33718.90277,-238.9431192,-215.2576897,0.360924209,0.361392606,11.05045608,72.19,-1.2261,32.4011
16,SAM017,141.76525,43235.8946,-177.9713353,-146.4060449,0.284908548,0.393579139,30.53743537,110.02,-3.1517,44.0179
17,SAM018,160.934,44441.20132,-136.0566811,-122.9503201,0.438303577,0.390250858,15.00759197,57.53,-1.073,23.7516
18,SAM019,142.40925,36989.58348,-156.5352577,-138.3683073,0.28896756,0.395052232,5.106527395,80.5,-0.89773,33.0839
19,SAM020,173.88075,36674.19844,-299.5778606,-290.6848604,0.273629484,0.322207921,10.11132579,75.27,-1.2166,31.1434
20,SAM021,205.80975,38236.64256,-219.5525985,-187.3327556,0.159551022,0.283995986,0.0,86.29,-1.01633,25.3185
21,SAM022,146.33975,49441.71489,-138.7737104,-122.0794174,0.401436213,0.390603235,20.11411937,77.76,-1.7121,29.7584
22,SAM023,152.556,43561.34547,-131.2419298,-118.8267976,0.438303577,0.390250858,15.00759197,57.53,-1.073,23.7516
23,SAM024,92.0455,40081.44051,-485.463908,-496.4796102,0.510867503,0.364133957,5.733667477,95.44,-1.6657,49.3791
24,SAM025,102.28675,52257.42521,-170.8728615,-167.9138126,0.25526316,0.387497436,30.26949993,113.68,-3.4265,38.717
25,SAM026,105.50575,28945.05743,-187.5499904,-153.8251509,0.25526316,0.387497436,30.26949993,113.68,-3.4265,38.717
26,SAM027,136.4385,39798.2706,-187.0581757,-158.2756812,0.389317323,0.393200655,19.37479049,72.83,-1.2658,34.8838
27,SAM028,148.081,45934.75645,-167.9717248,-160.557373,0.284908548,0.393579139,30.53743537,110.02,-3.1517,44.0179
28,SAM029,189.36725,34043.88159,-269.7046967,-247.3661151,0.241925031,0.366112083,5.733667477,92.42,-1.4667,28.2636
29,SAM030,148.328,52219.7007,-141.4069082,-124.9806235,0.401436213,0.390603235,20.11411937,77.76,-1.7121,29.7584
30,SAM031,154.28875,43031.0319,-157.2944131,-146.4088293,0.327957047,0.388211022,30.64232403,120.85,-3.2058,38.1238
31,SAM032,185.1475,28233.75918,-314.6245467,-280.4332008,0.419542007,0.543632998,21.36839953,110.86,-3.2216,34.6345
32,SAM033,77.066,57272.38131,-105.047249,-80.83150793,0.380398139,0.39158365,15.7401046,78.43,-1.2144,47.8972
33,SAM034,118.3065,45156.94983,-185.5518891,-160.6023103,0.293893289,0.467148493,14.43130987,63.68,-1.1849,35.695
34,SAM035,123.254,52224.08394,-127.5352065,-118.2404214,0.406370117,0.343866575,14.84818874,72.47,-1.137,35.6847
35,SAM036,123.7795,61235.83796,-130.7335313,-116.3450325,0.406370117,0.343866575,14.84818874,72.47,-1.137,35.6847
36,SAM037,190.9025,40182.21889,-258.6945718,-233.4264709,0.30670463,0.361293553,10.57125606,98.49,-1.934,29.1031
37,SAM038,198.18425,34189.181,-224.2259798,-204.9754221,0.348213363,0.368692179,11.05045608,89.26,-1.6995,34.9741
38,SAM039,128.26475,37486.00308,-156.0556349,-139.0113133,0.449971017,0.390616612,20.11411937,77.76,-1.374,34.6544
39,SAM040,155.1605,32985.79558,-197.9980703,-176.2506426,0.342031945,0.393579131,29.95750972,107.22,-2.7247,41.9672
40,SAM041,148.41975,30246.7713,-200.0927737,-181.6115855,0.342031945,0.393579131,29.95750972,107.22,-2.7247,41.9672
41,SAM042,154.39325,45963.60739,-184.2779502,-175.4428952,0.389317323,0.393200655,19.37479049,72.83,-1.2658,34.8838
42,SAM043,144.279,35961.78088,-196.8620153,-172.3720678,0.389317323,0.393200655,19.37479049,72.83,-1.2658,34.8838
43,SAM044,156.47425,35292.42465,-195.0327554,-182.2126638,0.342031945,0.393579131,29.95750972,107.22,-2.7247,41.9672
44,SAM045,131.09375,41349.89584,-171.1383549,-150.6111817,0.431917593,0.390618758,20.11411937,77.76,-1.322,34.3754
45,SAM046,153.00625,48189.63333,-149.2380202,-131.5499773,0.401436213,0.390603235,20.11411937,77.76,-1.7121,29.7584
46,SAM047,148.63225,45844.80309,-150.8563938,-137.3711864,0.401436213,0.390603235,20.11411937,77.76,-1.7121,29.7584
47,SAM048,152.11725,41448.51133,-136.6211285,-128.1920959,0.438303577,0.390250858,15.00759197,57.53,-1.073,23.7516
48,SAM049,164.192,39427.83217,-134.852064,-123.8307876,0.438303577,0.390250858,15.00759197,57.53,-1.073,23.7516
49,SAM050,152.6485,47326.81277,-148.2256395,-133.3643856,0.401436213,0.390603235,20.11411937,77.76,-1.7121,29.7584
50,SAM051,144.48675,34715.42328,-137.3557629,-126.481837,0.401436213,0.390603235,20.11411937,77.76,-1.7121,29.7584
51,SAM052,222.5885,43861.04382,-277.9469996,-255.7970194,0.187939434,0.361321191,5.733667477,92.42,-2.0229,19.1236
52,SAM053,164.7975,37843.82497,-183.3653489,-161.9432754,0.3277028,0.378540881,19.88823196,145.1,-3.458,32.5724
53,SAM054,153.09925,43164.72489,-174.4058399,-157.064504,0.28614573,0.396306689,15.7401046,78.43,-1.2128,47.9192
54,SAM055,167.82075,38937.79477,-259.6458952,-230.3586537,0.538501866,0.347307244,10.30076712,94.82,-1.021,50.2136
55,SAM056,143.0795,43446.10391,-149.7160519,-129.4077126,0.411549333,0.393567693,15.31958218,60.69,-1.1135,29.2964
56,SAM057,240.311,36600.68209,-361.5455778,-339.1063334,0.191606844,0.40939241,16.25770911,87.71,-1.1311,32.0926
57,SAM058,77.07575,47639.15491,-85.52492801,-73.50970234,0.46115418,0.367861117,11.05045608,72.19,-1.0938,40.6521
58,SAM059,162.82475,39087.01767,-174.8479617,-155.2691193,0.304727532,0.393567678,25.16297253,90.15,-2.2839,42.7532
59,SAM060,163.94175,37447.74827,-209.0500545,-177.1953919,0.405632135,0.39357889,24.85098232,86.99,-2.0856,35.9604
60,SAM061,138.26825,22667.3024,-137.979703,-124.9691563,0.431917593,0.390724783,20.11411937,77.76,-1.322,34.3754
61,SAM062,142.36,49538.90731,-147.6865741,-131.5136822,0.282590971,0.387112606,30.95431424,141.08,-3.8858,39.2856
62,SAM063,187.5105,41628.28766,-219.9578071,-194.870344,0.126082315,0.268414322,0.0,112.31,-1.77243,23.5819
63,SAM064,158.6075,32823.77776,-181.1658201,-155.8368037,0.279978348,0.393579139,30.95431424,124.01,-3.4124,39.1456
64,SAM065,141.4815,48451.25569,-138.102569,-123.5724643,0.401436213,0.390603235,20.11411937,77.76,-1.7121,29.7584
65,SAM066,136.882,59146.198,-194.0914459,-184.435386,0.323586906,0.369707066,16.36724469,84.71,-1.0586,34.8928
66,SAM067,163.522,40370.83253,-179.5291486,-161.9771586,0.304727532,0.393567678,25.16297253,90.15,-2.2839,42.7532
67,SAM068,76.511,66657.80136,-70.92761501,-59.91915705,0.339395357,0.285013321,0.0,60.27,-0.26023,27.0551
68,SAM069,155.9785,36500.76591,-166.793905,-147.1746684,0.304727532,0.393567678,25.16297253,90.15,-2.2839,42.7532
69,SAM070,122.08875,44938.60827,-166.7929203,-151.9812769,0.484186386,0.353184819,9.531400138,50.36,-1.0757,36.3564
70,SAM071,74.39125,71207.47425,-88.8600278,-72.01008095,0.405081883,0.284835979,0.0,51.48,0.08197,31.6824
71,SAM072,90.64,47810.28868,-133.6543065,-103.8708603,0.46130787,0.39158365,15.7401046,78.43,-1.3805,43.3742
72,SAM073,85.97725,34468.65184,-129.1086101,-79.61317641,0.46130787,0.39158365,15.7401046,78.43,-1.3805,43.3742
73,SAM074,109.71725,70375.79005,-131.19471,-138.9311545,0.4215317,0.547909144,26.05804805,117.1,-3.7677,40.9686
74,SAM075,64.89475,59971.52491,-78.27644711,-68.77627246,0.418183349,0.39158365,15.7401046,78.43,-1.7706,38.7572
75,SAM076,77.432,61196.25572,-68.19690629,-57.06118664,0.464504711,0.35873122,10.63357721,58.2,-1.1315,32.7504
76,SAM077,94.521,54614.43848,-89.33283912,-62.33737381,0.382663493,0.341192509,21.26715442,82.26,-1.1981,40.0498
77,SAM078,116.328,47883.52569,-233.606289,-118.9648725,0.373060558,0.380047677,20.846632,98.66,-2.7998,40.147
78,SAM079,105.82,39765.62985,-140.2855665,-112.9754186,0.471682848,0.467783209,15.16017895,58.56,-1.2603,31.9495
79,SAM080,106.954,39170.29679,-144.4346684,-149.8797913,0.317457343,0.467039206,14.79051451,81.7,-1.553,37.0197
80,SAM081,92.53725,53426.62631,-118.3361123,-104.2818946,0.424831753,0.46680806,15.16017895,58.56,-1.5063,29.8355
81,SAM082,117.593,46788.87013,-193.1623884,-168.1110175,0.484556599,0.467767766,20.31392078,98.85,-1.9794,38.0142
82,SAM083,117.0365,48009.84144,-188.1790162,-167.0336707,0.484556599,0.467767766,20.31392078,98.85,-1.9794,38.0142
83,SAM084,108.67025,48552.98991,-146.7248991,-125.3603701,0.506973821,0.39366296,24.79330809,79.15,-1.2921,43.9334
84,SAM085,106.39825,44328.47709,-149.8439789,-121.3385836,0.506973821,0.39366296,24.79330809,79.15,-1.2921,43.9334
85,SAM086,108.0285,37430.06345,-153.9994089,-124.9942481,0.506973821,0.39366296,24.79330809,79.15,-1.2921,43.9334
86,SAM087,108.98075,50493.96724,-148.9856318,-130.5787729,0.506973821,0.39366296,24.79330809,79.15,-1.2921,43.9334
87,SAM088,86.03725,54630.48864,-117.6201378,-98.01039665,0.578713663,0.389372374,19.6867807,75.99,-1.0839,42.9336
88,SAM089,88.64425,56656.11747,-123.5675413,-96.35205226,0.578713663,0.389372374,19.6867807,75.99,-1.0839,42.9336
89,SAM090,91.21325,64025.39925,-133.4688392,-104.198751,0.466965742,0.317733731,5.733667477,60.16,-1.0528,23.8982
90,SAM091,111.3995,40634.6123,-224.6920654,-200.6038881,0.524294344,0.326172036,0.0,99.86,-1.5333,40.7932
91,SAM092,108.452,41582.7832,-162.9514187,-149.5353936,0.408757664,0.393857301,20.63637079,89.79,-1.7733,42.4001
92,SAM093,66.9665,89342.25459,-71.19252403,-60.84857447,0.472548319,0.391583874,15.52984339,69.56,-1.1358,36.3713
93,SAM094,90.41975,41358.15478,-183.6697501,-140.205735,0.409533699,0.393262129,25.16297253,90.15,-1.412,43.8302
94,SAM095,112.95075,53470.31067,-163.502032,-150.0354632,0.408757664,0.393857301,20.63637079,89.79,-1.7733,42.4001
95,SAM096,101.59725,45599.07549,-189.8467303,-194.511201,0.499556882,0.505436023,10.09050592,90.88,-0.7395,45.8252
96,SAM097,63.84375,59942.8826,-67.94944172,-56.29171123,0.419055567,0.38462032,15.37044016,67.43,-1.1149,43.5694
97,SAM098,59.67675,67343.59899,-65.27430069,-54.87583282,0.389587539,0.382860544,15.37044016,67.43,-1.505,38.9524
98,SAM099,74.7025,52607.57793,-129.8175795,-122.4751665,0.539627534,0.378790372,15.78731903,67.59,-1.0556,39.9781
99,SAM100,116.545,43081.81728,-248.8180979,-236.5093632,0.432478407,0.543896142,20.95152066,99.83,-3.684,32.9368
100,SAM101,120.1215,57711.66346,-173.8717916,-164.5206679,0.509964234,0.369317741,16.20419791,95.41,-1.4734,43.1698
101,SAM102,85.48025,48993.27218,-155.2048167,-135.0488608,0.219778437,0.365133854,4.736862954,72.63,-1.2015,40.8214
102,SAM103,93.27825,64987.64868,-155.0250475,-129.3844724,0.219778437,0.365133854,4.736862954,72.63,-1.2015,40.8214
103,SAM104,112.58475,49322.52555,-179.7240553,-147.2352329,0.517393127,0.334687828,9.799819462,57.58,-1.0934,42.048
104,SAM105,81.7565,57387.69278,-112.7842077,-95.35116848,0.471734095,0.307931626,5.316788604,55.63,-1.2237,29.5237
105,SAM106,101.951,44143.32219,-106.8001118,-90.14202103,0.341383498,0.291827663,0.0,36.09,-1.3587,24.0081
106,SAM107,80.298,56714.89795,-116.1698084,-82.21071658,0.384214418,0.219986049,0.0,87.2,-1.9304,33.838
107,SAM108,89.49125,55590.83828,-90.59944992,-78.23567496,0.49122188,0.389447269,15.7401046,78.43,-1.3805,43.3742
108,SAM109,114.55325,45517.57053,-151.6474165,-131.3777519,0.491205303,0.388479137,15.16017895,58.56,-1.1178,34.4305
109,SAM110,124.09175,52109.34135,-196.3497174,-174.8460923,0.493043682,0.388275646,20.26670635,78.79,-1.0208,44.7823
110,SAM111,122.96725,40448.61142,-161.2482592,-143.444153,0.532311104,0.387893253,19.89704191,67.79,-1.3504,43.0915
111,SAM112,155.915,40897.84824,-244.1578916,-205.7029036,0.387965513,0.342257237,10.63357721,46.33,-1.2143,25.6124
112,SAM113,160.09775,34620.77881,-261.0444918,-228.3626497,0.368118252,0.295720204,0.0,83.55,-1.7361,42.5237
113,SAM114,163.98025,46142.59258,-260.9931608,-235.8242477,0.368118252,0.295720204,0.0,83.55,-1.7361,42.5237
114,SAM115,143.1215,42684.05328,-156.101673,-145.5576542,0.445813188,0.395043285,10.21305479,43.7,-1.1397,26.8016
115,SAM116,147.0335,39581.13247,-245.0256652,-196.2638816,0.387965513,0.342257237,10.63357721,46.33,-1.2143,25.6124
116,SAM117,129.51225,37679.71096,-207.4760825,-190.9207543,0.478056391,0.388709535,10.21305479,60.77,-1.2463,41.5936
117,SAM118,101.887,63190.86306,-110.1458712,-76.9587704,0.467589131,0.388364703,15.19703331,82.03,-1.2107,28.2283
118,SAM119,128.84375,38363.5914,-178.615221,-160.865674,0.48816144,0.367129061,15.78731903,64.35,-1.1498,36.4211
119,SAM120,182.95075,44829.56458,-201.824845,-181.7672237,0.32402012,0.387607573,25.79011262,95.94,-2.2274,36.5428
120,SAM121,164.298,41757.96697,-144.9179435,-124.6461765,0.230248323,0.313472672,5.207253025,87.71,-1.0261,18.6926
121,SAM122,183.66,36184.98125,-198.1123836,-179.0138507,0.32402012,0.387607573,25.79011262,95.94,-2.2274,36.5428
122,SAM123,93.65525,45215.85708,-128.4090758,-112.3355946,0.417443799,0.377456642,15.78731903,64.35,-1.5399,31.8041
123,SAM124,79.6345,40645.06378,-124.0051699,-107.1724814,0.417443799,0.377456642,15.78731903,64.35,-1.5399,31.8041
124,SAM125,169.89175,34320.03968,-192.1013037,-168.7193005,0.284553267,0.394649055,25.74289818,92.95,-2.9668,36.8969
125,SAM126,171.53725,39697.08568,-208.418761,-195.9925912,0.288439898,0.39356653,30.89664001,116.17,-3.255,37.9546
126,SAM127,167.16975,39085.18273,-207.8142837,-187.1645355,0.288439898,0.39356653,30.89664001,116.17,-3.255,37.9546
127,SAM128,172.628,36713.03639,-196.2772535,-178.4290372,0.336112829,0.389106637,16.15698348,75.35,-2.1956,26.9919
128,SAM129,80.25675,69444.7299,-77.74479561,-68.36218546,0.42511108,0.391245684,16.15698348,75.35,-1.5595,33.7229
129,SAM130,134.4615,20357.32779,-224.0980718,-211.9575517,0.468755788,0.361392597,16.0344346,100.87,-1.4888,39.6288
130,SAM131,110.3845,62254.32935,-139.1806413,-130.5384617,0.481688955,0.377415586,16.20419791,78.34,-1.4105,31.5488
131,SAM132,140.61125,45175.73094,-159.5369155,-140.4636045,0.523364294,0.369337816,5.733667477,84.66,-1.1675,29.2811
132,SAM133,69.41875,72721.28509,-119.1528973,-120.6207465,0.523688256,0.378792717,16.20419791,81.58,-1.8688,44.4288
133,SAM134,71.48275,82267.57757,-119.0978935,-115.2204391,0.523688256,0.378792717,16.20419791,81.58,-1.8688,44.4288
134,SAM135,220.519,53630.35741,-1498.802678,-1017.813477,0.355719098,0.777376961,25.81920644,114.02,-2.9412,25.5558
135,SAM136,117.03475,38794.29605,-332.9924716,-289.4543873,0.322405489,0.548206846,30.74769658,111.05,-5.0669,42.7177
136,SAM137,168.3095,33466.22371,-351.4729906,-336.0647361,0.384463193,0.54385304,20.95152066,82.76,-3.6007,28.1798
137,SAM138,161.19475,38325.18026,-301.1116181,-274.5369612,0.382379401,0.549557548,20.95152066,82.76,-3.7432,28.1318
138,SAM139,170.14725,45982.96363,-306.2577811,-292.920714,0.382379401,0.549557548,20.95152066,82.76,-3.7432,28.1318
139,SAM140,172.03425,43416.78846,-198.3028611,-177.0934467,0.302325671,0.387901235,25.79011262,95.94,-2.6159,31.9478
140,SAM141,169.8835,32434.51293,-220.0845699,-188.7254737,0.254395468,0.393567218,30.99736564,128.2,-3.2685,40.658
141,SAM142,166.467,32702.76103,-223.7409322,-195.2683647,0.254395468,0.393567218,30.99736564,128.2,-3.2685,40.658
142,SAM143,161.0455,30770.35791,-221.1835447,-189.1606699,0.254395468,0.393567218,30.99736564,128.2,-3.2685,40.658
143,SAM144,165.81175,30536.54706,-218.7508668,-198.0241387,0.254395468,0.393567218,30.99736564,128.2,-3.2685,40.658
144,SAM145,179.67075,32128.9927,-344.7111257,-336.3134352,0.384463193,0.54385304,20.95152066,82.76,-3.6007,28.1798
145,SAM146,177.817,41011.4596,-350.7569681,-339.7477256,0.384463193,0.54385304,20.95152066,82.76,-3.6007,28.1798
146,SAM147,178.61425,31066.73936,-449.8974508,-395.6597688,0.384463193,0.543895625,20.95152066,82.76,-3.6007,28.1798
147,SAM148,158.3295,37619.96729,-298.9882109,-288.5500715,0.382379401,0.549557548,20.95152066,82.76,-3.7432,28.1318
148,SAM149,158.43,44491.65425,-299.5691114,-277.6399284,0.382379401,0.549557548,20.95152066,82.76,-3.7432,28.1318
149,SAM150,168.83025,44409.66133,-199.0081538,-177.5125856,0.302325671,0.387901235,25.79011262,95.94,-2.6159,31.9478
150,SAM151,166.65775,34266.51527,-201.849288,-180.364062,0.476096243,0.395917548,10.84019487,63.32,-1.1034,25.7642
151,SAM152,160.97275,45493.49517,-279.1439807,-246.1077369,0.424244833,0.543887348,21.36839953,110.86,-3.7353,30.3615
152,SAM153,172.12175,38538.62499,-290.9595818,-237.0452417,0.424244833,0.543887348,21.36839953,110.86,-3.7353,30.3615
153,SAM154,75.65225,70811.77313,-74.48798639,-63.17268978,0.42511108,0.391245684,16.15698348,75.35,-1.5595,33.7229
154,SAM155,91.33775,88570.33408,-86.64260482,-77.89966073,0.42511108,0.391245684,16.15698348,75.35,-1.5595,33.7229
155,SAM156,158.6205,45759.55547,-188.3703891,-170.2135638,0.55152806,0.393635073,15.11296452,46.94,-1.413,47.0296
156,SAM157,122.99425,43611.26502,-169.4872473,-162.9939946,0.48816144,0.367129061,15.78731903,64.35,-1.1498,36.4211
157,SAM158,157.1895,47917.79572,-183.8243621,-160.8127032,0.55152806,0.393635073,15.11296452,46.94,-1.413,47.0296
158,SAM159,198.7365,37562.08681,-297.8839576,-279.4821074,0.356208698,0.327711216,5.733667477,101.29,-1.9302,34.2738
159,SAM160,134.9855,44605.68421,-216.931596,-193.5844103,0.478056391,0.388709535,10.21305479,60.77,-1.2463,41.5936
160,SAM161,110.51525,50991.95481,-115.4161797,-102.9215628,0.480460201,0.394544208,15.7401046,78.43,-1.3789,43.3962
161,SAM162,89.51275,49791.42331,-111.9621564,-83.70630558,0.36991339,0.369280783,20.846632,98.66,-2.1046,39.647
162,SAM163,85.0655,58694.6043,-108.4309908,-75.2246975,0.36991339,0.369280783,20.846632,98.66,-2.1046,39.647
163,SAM164,117.6,30087.58305,-162.0702887,-130.4378923,0.502707252,0.36789793,11.05045608,72.19,-1.0037,32.4731
164,SAM165,86.02025,54491.91463,-121.3979122,-79.39464624,0.36991339,0.369280783,20.846632,98.66,-2.1046,39.647
165,SAM166,107.991,48886.62273,-157.7769761,-131.983444,0.424403845,0.395701163,20.63637079,89.79,-1.5257,46.9691
166,SAM167,115.273,46125.81745,-161.1656084,-131.2705325,0.424403845,0.395701163,20.63637079,89.79,-1.5257,46.9691
167,SAM168,79.332,41372.41902,-91.57624085,-65.79132218,0.419055567,0.382860544,15.37044016,67.43,-1.1149,43.5694
168,SAM169,121.14075,34410.3592,-174.8547309,-145.121928,0.427470384,0.39454397,15.7401046,78.43,-1.769,38.7792
169,SAM170,115.7845,54920.46665,-130.1606752,-107.9490291,0.377451375,0.350911927,10.63357721,58.2,-1.5216,28.1334
170,SAM171,112.68575,39098.16356,-202.6749068,-180.0303426,0.533749586,0.357620909,5.316788604,66.48,-1.1186,40.0207
171,SAM172,112.84125,49378.49968,-142.1306494,-126.6747288,0.431088344,0.394542975,15.7401046,61.36,-1.0923,29.5442
172,SAM173,113.0645,65825.05783,-164.8928675,-130.7298743,0.386018508,0.467412759,15.20739338,78.62,-1.3403,32.0074
173,SAM174,118.2965,50613.7774,-169.3044635,-155.9496299,0.306886831,0.467155759,9.473725908,74.54,-1.3256,34.7657
174,SAM175,110.948,43754.79894,-162.1529613,-130.8719492,0.301434676,0.465263133,9.473725908,68.14,-1.0943,35.611
175,SAM176,86.002,49709.98024,-126.4470861,-115.9043403,0.458097746,0.467511346,15.20739338,61.55,-1.1129,29.7534
176,SAM177,73.58425,64178.44154,-128.0389118,-115.3338498,0.564653294,0.467817284,15.20739338,64.79,-1.1811,47.2504
177,SAM178,84.21575,46994.38679,-91.95523699,-73.24533943,0.467269565,0.467780619,15.57705783,72.55,-1.1325,31.6722
178,SAM179,74.42025,37873.94133,-83.75803231,-67.86109114,0.467269565,0.467780619,15.57705783,72.55,-1.1325,31.6722
179,SAM180,110.87125,60394.2496,-191.8610146,-156.2252807,0.4879469,0.467008574,19.6867807,93.06,-1.9458,36.0456
180,SAM181,119.86425,39960.34719,-199.6077406,-160.2091345,0.4879469,0.467008574,19.6867807,93.06,-1.9458,36.0456
181,SAM182,82.61525,57337.38842,-84.08524261,-79.74590664,0.467269565,0.467780619,15.57705783,72.55,-1.1325,31.6722
182,SAM183,75.4845,42643.98566,-92.36188519,-66.62586683,0.467269565,0.467780619,15.57705783,72.55,-1.1325,31.6722
183,SAM184,70.9445,60287.78765,-123.7828813,-112.8610108,0.564653294,0.467817284,15.20739338,64.79,-1.1811,47.2504
184,SAM185,83.20275,50594.89914,-120.0490658,-109.1747341,0.515522054,0.467823106,10.05365156,72.47,-1.454,42.4605
185,SAM186,102.002,51131.12567,-156.8150998,-133.0866191,0.547737577,0.463022878,9.473725908,104.16,-1.1602,40.301
186,SAM187,117.39975,50044.56656,-127.0926621,-99.84835524,0.529700176,0.384879731,24.42364365,68.15,-1.3166,34.6926
187,SAM188,115.81225,54499.38146,-122.9246523,-99.845754,0.529700176,0.384879731,24.42364365,68.15,-1.3166,34.6926
188,SAM189,116.6605,38992.0022,-128.9280209,-96.66568233,0.529700176,0.384879731,24.42364365,68.15,-1.3166,34.6926
189,SAM190,117.5195,45821.31824,-125.1415072,-98.79717403,0.529700176,0.384879731,24.42364365,68.15,-1.3166,34.6926
190,SAM191,116.57475,51077.22184,-122.3722627,-94.74450329,0.529700176,0.384879731,24.42364365,68.15,-1.3166,34.6926
191,SAM192,104.15825,46015.37451,-160.5092945,-137.5049697,0.423052586,0.302116828,5.207253025,66.4,-1.0752,19.766
192,SAM193,109.14,54833.75068,-148.3088676,-124.5403802,0.437458201,0.394544193,15.52984339,69.56,-1.5243,31.7763
193,SAM194,95.9265,51958.16105,-125.682498,-108.3676184,0.496551998,0.357642506,10.63357721,58.2,-1.1315,32.7504
194,SAM195,114.667,53401.12038,-231.5623416,-268.5628398,0.501498901,0.351881152,0.0,82.67,-1.6262,46.931
195,SAM196,114.02725,51368.88599,-86.99061222,-75.02777994,0.508907523,0.369668098,11.46733495,110.68,-1.1952,38.3105
196,SAM197,77.1865,61859.2361,-60.74646044,-42.20874595,0.586255585,0.397540576,16.0344346,91.11,-1.0842,44.3088
197,SAM198,101.528,39022.56737,-110.7012249,-94.26344159,0.531927096,0.379251734,11.46733495,108.03,-1.3204,31.6088
198,SAM199,108.5405,50500.07675,-99.00972658,-86.44157866,0.523364294,0.36928631,5.733667477,84.66,-1.1675,29.2811
199,SAM200,100.34075,61488.87966,-98.99210433,-86.05509234,0.377939843,0.386523616,10.84019487,92.42,-1.8264,24.8119
200,SAM201,77.5845,57862.30185,-128.1598614,-110.5637049,0.574169192,0.378792718,15.78731903,67.59,-1.0131,44.8451
201,SAM202,115.9935,57078.08604,-144.0709092,-121.6431361,0.404730998,0.394542976,16.15698348,75.35,-1.353,24.6719
202,SAM203,123.3615,42179.27276,-201.9664714,-161.1574371,0.312312984,0.393749335,26.37003827,115.81,-2.6296,36.7075
203,SAM204,76.6275,63545.26297,-90.3642803,-82.88999974,0.335604461,0.351595925,11.05045608,79.18,-1.8689,32.5125
204,SAM205,115.5685,38600.70543,-165.593085,-99.08308163,0.494137911,0.368977991,11.46733495,86.18,-1.0168,34.6028
205,SAM206,90.3335,38209.90372,-117.6209092,-111.695291,0.565687233,0.352276457,15.57355102,94.04,-1.1121,35.5796
206,SAM207,92.11925,81597.04194,-75.43049513,-101.5537877,0.411289001,0.367337664,10.47053043,55.62,-1.1295,18.9344
207,SAM208,72.40075,70441.3592,-113.4324153,-101.3718873,0.516044179,0.382894247,15.57705783,72.55,-1.1309,34.1272
208,SAM209,82.39825,52694.10783,-123.95427,-112.0824403,0.516044179,0.382894247,15.57705783,72.55,-1.1309,34.1272
209,SAM210,102.63025,49336.936,-167.2192142,-158.876946,0.462827993,0.367888309,11.05045608,72.19,-1.2497,30.3591
210,SAM211,75.88825,49693.29776,-121.8784807,-110.9532021,0.451872695,0.377957403,15.78731903,64.35,-1.5399,31.8041
211,SAM212,78.5635,51641.79712,-115.8450213,-109.2978564,0.516044179,0.382894247,15.57705783,72.55,-1.1309,34.1272
212,SAM213,72.845,49487.12627,-117.834534,-101.4212852,0.516044179,0.382894247,15.57705783,72.55,-1.1309,34.1272
213,SAM214,101.55875,53805.99334,-163.9629175,-160.3975028,0.462827993,0.367888309,11.05045608,72.19,-1.2497,30.3591
214,SAM215,81.5965,63710.69004,-122.8968759,-115.7637113,0.451872695,0.377957403,15.78731903,64.35,-1.5399,31.8041
215,SAM216,97.13125,74459.06932,-75.97254416,-107.0320145,0.411289001,0.367337664,10.47053043,55.62,-1.1295,18.9344
216,SAM217,105.77125,39046.4178,-146.9306129,-116.3641538,0.226904149,0.338214037,0.0,75.43,-1.5881,24.4321
217,SAM218,122.14575,50888.79533,-189.4345357,-149.2645808,0.449192837,0.34977541,10.74258,67.66,-1.3579,30.5344
218,SAM219,97.64725,59225.63332,-205.905284,-190.1105025,0.363890978,0.393750289,20.63637079,89.79,-1.9957,42.3281
219,SAM220,119.04525,53135.18148,-118.8044994,-104.6691592,0.561194669,0.366629048,5.733667477,86.69,-1.1557,32.9104
220,SAM221,107.88575,42385.74376,-162.8914918,-121.4384974,0.478682894,0.319057789,15.95036581,87.3,-1.3217,45.2381
221,SAM222,106.164,66549.57852,-131.9037353,-126.3732255,0.437458201,0.394148922,15.52984339,69.56,-1.5243,31.7763
222,SAM223,88.64575,51859.60024,-79.77237372,-85.78734621,0.56060233,0.349188999,10.63357721,75.27,-1.1723,42.3744
223,SAM224,102.61925,54308.00675,-112.7689275,-102.8664334,0.363887659,0.377429366,16.15698348,75.35,-2.194,27.0139
224,SAM225,150.1165,42157.03225,-415.6605723,-448.4800669,0.447505505,0.549903236,20.11776291,73.67,-3.8605,38.1754
225,SAM226,152.624,36676.69588,-179.6781971,-151.588249,0.35215016,0.394640975,20.42610958,84.16,-2.6246,41.5242
226,SAM227,93.56175,60503.38266,-129.5577546,-119.4872867,0.529319365,0.345659258,15.53348694,61.44,-1.0572,52.7284
227,SAM228,126.06525,46544.59463,-139.5420517,-125.3457917,0.430107309,0.324018621,11.46733495,69.11,-1.5271,23.1158
228,SAM229,194.26725,35746.88832,-189.145082,-201.4283454,0.39853164,0.391245824,16.57386235,89.34,-1.8202,28.8506
229,SAM230,195.95725,41289.32161,-186.44099,-169.3317929,0.39853164,0.391245824,16.57386235,89.34,-1.8202,28.8506
230,SAM231,130.46425,36951.30527,-180.0944303,-157.4140579,0.35215016,0.394640975,20.42610958,84.16,-2.6246,41.5242
231,SAM232,147.03825,44407.87486,-299.8171831,-260.6937838,0.413769857,0.544116479,19.9075017,64.8,-3.7567,28.7135
232,SAM233,172.88625,37441.24254,-426.8490252,-444.1622817,0.413619877,0.548206848,20.53464179,70.59,-3.7919,30.6601
233,SAM234,77.21,76170.70135,-92.55034032,-95.34515519,0.481746887,0.36572142,15.37044016,50.36,-1.2792,36.6764
234,SAM235,174.8685,44554.46264,-494.0308342,-451.5676457,0.413619877,0.548206848,20.53464179,70.59,-3.7919,30.6601
235,SAM236,163.7685,23269.84948,-167.6704789,-153.7165852,0.35215016,0.394640975,20.42610958,84.16,-2.6246,41.5242
236,SAM237,150.8895,44798.9952,-176.2880465,-152.2834609,0.394308015,0.394206989,16.15698348,75.35,-1.948,29.1279
237,SAM238,146.61725,50145.98213,-178.0050492,-152.4874714,0.394308015,0.394206989,16.15698348,75.35,-1.948,29.1279
238,SAM239,147.17925,27431.25871,-202.5887523,-191.0314094,0.412038181,0.544116483,20.53464179,70.59,-3.7903,30.6821
239,SAM240,112.7445,41780.27936,-222.1851941,-182.5267976,0.396964984,0.54386005,20.11776291,56.6,-3.7772,33.4184
240,SAM241,168.05525,42203.11672,-207.5351467,-198.7154054,0.395006518,0.318725949,5.733667477,58.36,-1.7097,28.7481
241,SAM242,102.54675,54638.90836,-148.928825,-131.2268225,0.485532299,0.394268141,15.16017895,41.49,-1.0329,29.6955
242,SAM243,158.52325,45031.24497,-225.2528686,-209.3044959,0.488079489,0.367372692,15.78731903,64.35,-1.1514,36.3991
243,SAM244,157.45275,33501.14919,-213.5905297,-207.1171998,0.488079489,0.367372692,15.78731903,64.35,-1.1514,36.3991
244,SAM245,138.41625,38564.4648,-169.854712,-136.9268712,0.35215016,0.394640975,20.42610958,84.16,-2.6246,41.5242
245,SAM246,147.5875,35707.22483,-246.5063376,-210.9356504,0.448054404,0.380722163,10.423316,73.83,-1.4045,33.1492
246,SAM247,113.01625,25412.42482,-132.6879137,-88.57831627,0.559539674,0.324372533,10.717646,89.07,-1.1237,41.4991
247,SAM248,189.02575,45818.49022,-208.9870651,-201.0074786,0.395006518,0.318725949,5.733667477,58.36,-1.7097,28.7481
248,SAM249,143.703,37366.82375,-217.5958244,-225.6266091,0.512460318,0.367888341,16.78412356,98.21,-1.0387,49.6345
249,SAM250,139.22025,53964.08972,-154.3853571,-135.0435511,0.549481383,0.395044554,10.21305479,46.94,-1.4114,47.0516
250,SAM251,78.32825,43721.80161,-112.1795707,-94.47263873,0.409724851,0.366845111,15.16017895,41.49,-1.0754,24.8285
251,SAM252,138.537,41316.49719,-240.9863422,-220.9677229,0.365366245,0.35506924,10.63357721,87.3,-1.8728,48.2411
252,SAM253,163.802,39843.8697,-194.4611392,-176.6490927,0.269949405,0.3946489,30.84942558,113.18,-3.6059,42.9037
253,SAM254,74.32625,53603.48769,-120.3018299,-104.6530454,0.496689898,0.378442264,20.68722877,62.39,-1.0962,45.0681
254,SAM255,127.93275,37306.76062,-154.9754306,-137.2008968,0.405067032,0.367980061,16.36724469,67.15,-1.9669,33.8548
255,SAM256,84.562,47101.42818,-121.8259208,-108.471106,0.496234164,0.395054253,15.16017895,41.49,-1.0329,29.6955
256,SAM257,136.585,49496.85188,-228.8631509,-217.9049542,0.405664256,0.383369814,10.05365156,67.43,-1.3625,41.4334
257,SAM258,136.219,41232.85518,-229.93206,-228.7240004,0.365366245,0.35506924,10.63357721,87.3,-1.8728,48.2411
258,SAM259,147.1855,40212.5787,-248.4517415,-217.6932978,0.518075225,0.367708273,16.45131348,123.57,-0.966,44.614
259,SAM260,161.81775,58050.12884,-196.8186392,-167.9998546,0.36847417,0.368298287,16.78412356,98.21,-1.3742,48.3115
260,SAM261,106.74475,58242.43887,-105.0752793,-84.95597551,0.571851664,0.367877011,16.0344346,100.87,-1.0578,49.0908
261,SAM262,56.32275,82804.59573,-78.30617665,-68.53237978,0.56812465,0.35912081,15.53348694,61.44,-1.1997,50.2474
262,SAM263,121.72925,49232.01516,-116.5420594,-133.7014967,0.571851664,0.367877011,16.0344346,100.87,-1.0578,49.0908
263,SAM264,88.4485,55781.25651,-114.1587601,-100.4081788,0.481746887,0.36572142,15.37044016,50.36,-1.2792,36.6764
264,SAM265,143.39175,48362.57127,-230.1675878,-217.9214002,0.399209339,0.543861074,20.95152066,82.76,-3.7432,25.6988
265,SAM266,105.022,50236.79441,-122.6002762,-109.9774163,0.422142465,0.467569415,15.78731903,64.35,-1.5399,31.8041
266,SAM267,137.77775,36907.89031,-244.9230775,-229.2530086,0.405664256,0.383369814,10.05365156,67.43,-1.3625,41.4334
267,SAM268,171.327,43747.9305,-193.1741261,-175.3607696,0.470368446,0.382523871,16.20419791,78.34,-1.5546,29.0458
268,SAM269,164.4095,46210.48474,-181.8668949,-177.1662648,0.470368446,0.382523871,16.20419791,78.34,-1.5546,29.0458
269,SAM270,109.47,40539.18317,-110.0701643,-98.03258884,0.425360307,0.367897923,16.78412356,98.21,-2.0649,35.8535
270,SAM271,186.62825,38083.28681,-227.6262582,-215.9801159,0.39853164,0.391245824,16.57386235,89.34,-1.8202,28.8506
271,SAM272,79.8305,51369.94052,-160.9141073,-150.4773039,0.502507861,0.394544192,20.47696756,70.59,-1.5266,47.3222
272,SAM273,210.4105,39687.51463,-222.7167377,-220.5857361,0.39853164,0.391245824,16.57386235,89.34,-1.8202,28.8506
273,SAM274,145.427,46336.741,-196.2218037,-206.4187082,0.486321826,0.342564978,5.733667477,76.7,-1.4329,31.7201
274,SAM275,154.62575,46713.94319,-175.1835629,-157.5617654,0.370820593,0.394207129,16.57386235,89.34,-2.2087,24.2556
275,SAM276,152.52825,50654.57518,-171.9149065,-150.544426,0.370820593,0.394207129,16.57386235,89.34,-2.2087,24.2556
276,SAM277,84.62875,44448.72783,-124.4115873,-111.1091826,0.395551342,0.361385984,15.95036581,75.43,-2.0965,38.6441
277,SAM278,143.44975,35777.77188,-283.2309788,-244.9203794,0.549775671,0.369637521,10.63357721,66.64,-1.3642,47.8884
278,SAM279,153.3895,38961.68684,-181.0519059,-174.314769,0.570481795,0.369395693,11.46733495,89.42,-1.331,47.5528
279,SAM280,61.3245,60502.06332,-90.79626788,-75.60458221,0.51408267,0.378498861,15.78731903,64.35,-1.1498,36.4211
280,SAM281,56.52975,57352.2947,-81.73526528,-73.14076876,0.51408267,0.378498861,15.78731903,64.35,-1.1498,36.4211
281,SAM282,130.57225,46150.69718,-211.5697865,-180.3956457,0.495325518,0.368307183,10.717646,83.8,-1.0907,42.1138
282,SAM283,88.1515,58178.47481,-121.797775,-107.3515026,0.444508859,0.369008502,11.05045608,72.19,-1.3497,35.1781
283,SAM284,77.6795,75519.15502,-95.83444368,-84.26800499,0.451872695,0.367372923,15.78731903,64.35,-1.5399,31.8041
284,SAM285,84.96375,53328.15161,-127.2557815,-120.7874191,0.45740109,0.378891782,16.20419791,78.34,-1.4105,31.5488
285,SAM286,77.53575,72476.56047,-90.05940934,-92.64298969,0.451872695,0.367372923,15.78731903,64.35,-1.5399,31.8041
286,SAM287,79.212,61336.56012,-127.1978222,-119.7192849,0.45740109,0.378891782,16.20419791,78.34,-1.4105,31.5488
287,SAM288,132.676,43261.49255,-221.8729747,-185.0571117,0.495325518,0.368307183,10.717646,83.8,-1.0907,42.1138
288,SAM289,85.12325,54680.33632,-120.0487334,-107.7365647,0.444508859,0.369008502,11.05045608,72.19,-1.3497,35.1781
289,SAM290,154.91075,48340.74117,-94.67617257,-93.58793274,0.428137321,0.366503769,11.46733495,93.61,-1.1544,28.6865
290,SAM291,143.9275,43121.08238,-131.8417858,-114.1997326,0.436472254,0.367636425,17.20100243,116.73,-1.5053,36.5432
291,SAM292,169.6565,41711.87222,-325.0931365,-305.5652368,0.384463193,0.54385304,20.95152066,82.76,-3.6007,28.1798
292,SAM293,184.703,39206.24002,-421.5170426,-405.4158282,0.384463193,0.543895625,20.95152066,82.76,-3.6007,28.1798
293,SAM294,184.987,41700.59068,-412.7135414,-411.7715278,0.384463193,0.543895625,20.95152066,82.76,-3.6007,28.1798
294,SAM295,164.41975,36125.79333,-182.7600433,-162.2710157,0.302325671,0.387901235,25.79011262,95.94,-2.6159,31.9478
295,SAM296,183.9305,33709.149,-459.5774804,-415.1542941,0.384463193,0.543895625,20.95152066,82.76,-3.6007,28.1798
296,SAM297,76.0695,62490.40853,-120.6829232,-110.8365636,0.496689898,0.378442264,20.68722877,62.39,-1.0962,45.0681
297,SAM298,145.1265,43536.06754,-137.3817362,-119.4401933,0.483376507,0.362812222,5.733667477,84.66,-1.0964,24.9006
298,SAM299,89.19175,65438.81187,-118.4577925,-101.737255,0.5191863,0.3677639,16.78412356,106.92,-1.1966,50.373
299,SAM300,84.56275,60257.57615,-81.69347778,-70.68559336,0.42511108,0.391245684,16.15698348,75.35,-1.5595,33.7229
