SAMindex,TC_mean,log10(-c_interface_mean),c_interface_mean_to1,SAM_length_gm_mean_to1,Water_bending_overlap_factor_to1,Water_stretching_overlap_factor_to1,5X0,5X1,9X2,12X3
SAM001,62.717,1.798920363,0.990502831,0.635345732,0.152380999,0.218377897,-9.225239659,-5.287339774,4.402420122,1.487911209
SAM002,42.50925,1.913233304,0.974799397,0.817771904,0.107614174,0.04312299,-8.057907222,-4.485924616,3.502582293,1.272233498
SAM003,48.74075,1.845920272,0.984542112,0.392576995,0.177831394,0.022248557,-8.74439366,-4.55443366,3.65045863,1.306955406
SAM004,64.153,1.846794197,0.984425054,0.506457901,0.169031853,0.035084827,-8.73545204,-4.660711095,3.774095525,1.338909728
SAM005,54.1965,1.803086577,0.990000123,0.412790823,0.20420366,0.014449223,-9.182654166,-5.012952412,4.132589963,1.425030034
SAM006,53.86575,1.967182712,0.965824214,0.901614682,0.105720667,0.04236295,-7.514453023,-4.260516245,3.221246928,1.196562179
SAM007,40.8,1.876899347,0.980245365,0.708648422,0.122777817,0.034610077,-8.42774274,-4.623055958,3.69122012,1.31989976
SAM008,45.40425,1.914020729,0.974676255,0.583952693,0.108234099,0.056503511,-8.049919554,-4.247167937,3.316683622,1.222654675
SAM009,70.59275,2.085106161,0.941855355,0.841403235,0.080122695,0.037501518,-6.367571481,-3.656422459,2.548540098,1.004768155
SAM010,88.6725,2.113034862,0.935160125,0.342303137,0.293833549,0.054487694,-6.107206866,-3.044806137,2.015264608,0.776167448
SAM011,43.18725,1.778666851,0.992879139,0.66889785,0.098094802,0.014274474,-9.432008246,-5.610053444,4.719597341,1.55608339
SAM012,48.797,1.858266811,0.982866309,0.592775527,0.204837822,0.024064924,-8.618104974,-4.650855406,3.760371244,1.334253308
SAM013,38.93,1.948571485,0.969047173,0.912556623,0.077926673,0.069184176,-7.700960853,-4.372167764,3.326124041,1.228530483
SAM014,57.11225,1.859922796,0.982637896,0.354159068,0.159694547,0.025527848,-8.601173674,-4.398879932,3.470213711,1.260300373
SAM015,66.505,1.839094539,0.985448326,0.709004499,0.103741512,0.020597649,-8.814240273,-4.931733398,4.010537459,1.398999805
SAM016,200.10075,2.356217908,0.854475997,0.2030659,0.557383249,0.053597541,-4.091232824,-2.052877027,0.824557585,0.071719091
SAM017,141.76525,2.210020566,0.908262934,0.470723737,0.132741912,0.222124314,-5.245539373,-2.811827569,1.631397538,0.69218929
SAM018,160.934,2.112281508,0.935346431,0.103938813,0.073975075,0.027545355,-6.114163618,-2.809417764,0.79727562,0.45716489
SAM019,142.40925,2.168650027,0.920474183,0.334291535,0.142918108,0.456645621,-5.604535588,-2.824818042,1.615772154,0.698803066
SAM020,173.88075,2.47001536,0.798104405,0.175416927,0.223946226,0.12711258,-3.324504625,-1.664781731,-1.019291145,0.354751794
SAM021,205.80975,2.308442062,0.874079188,0.150934755,0.174739558,0.773918349,-4.44796504,-2.156499241,0.13298407,0.283396878
SAM022,146.33975,2.115366053,0.934581565,0.231559709,0.069690104,0.107619143,-6.085703728,-2.924873419,1.492636924,0.682043457
SAM023,152.556,2.097029388,0.939049633,0.111005735,0.073179735,0.020103926,-6.255807505,-2.877422441,0.986997622,0.513639327
SAM024,92.0455,2.691056512,0.635827761,0.659302042,0.374951578,0.275008229,-2.159485157,-1.451545912,-0.208055944,0.223087912
SAM025,102.28675,2.228896324,0.902293043,0.704704423,0.054652976,0.068872519,-5.086261575,-2.979519397,1.659751127,0.746276451
SAM026,105.50575,2.232201897,0.901220619,0.756285977,0.062296611,0.077686277,-5.058668415,-3.019600443,1.720214265,0.757952718
SAM027,136.4385,2.237209164,0.89958049,0.336362732,0.155746879,0.05325841,-5.017042671,-2.582314721,1.28670309,0.537612257
SAM028,148.081,2.215543845,0.906542843,0.421915182,0.14267672,0.290177143,-5.19863312,-2.74350994,1.541797907,0.66131478
SAM029,189.36725,2.412520027,0.828428427,0.164140989,0.113767959,0.255743639,-3.697231195,-1.834259092,-3.856037256,0.104661236
SAM030,148.328,2.124483898,0.932288615,0.227683012,0.067480301,0.12189698,-6.001951214,-2.885332354,1.413350377,0.66102616
SAM031,154.28875,2.181419433,0.916828403,0.289960715,0.207517419,0.189384592,-5.492311711,-2.73370677,1.532265157,0.619236287
SAM032,185.1475,2.473529118,0.796117785,0.229581176,0.812450191,0.485542065,-3.302691906,-1.707955156,0.638555413,0.002563581
SAM033,77.066,1.968199764,0.965644077,0.489243463,0.428299346,0.17070132,-7.504294976,-3.84279525,2.952799114,1.100244592
SAM034,118.3065,2.238239609,0.899240615,0.335881747,0.143470039,0.014083473,-5.008502336,-2.578269293,1.257129989,0.530484351
SAM035,123.254,2.089508819,0.9408283,0.403686474,0.461823601,0.075686861,-6.326199112,-3.200656065,2.266350203,0.854885187
SAM036,123.7795,2.091805073,0.940288483,0.402648839,0.472424993,0.07177409,-6.304668732,-3.190252865,2.257217273,0.850209825
SAM037,190.9025,2.39104194,0.838765326,0.191693135,0.349473891,0.171661575,-3.84414642,-1.929963108,0.363821151,0.008712697
SAM038,198.18425,2.331631136,0.864833462,0.257425241,0.589205836,0.227293911,-4.272269389,-2.186942254,1.08683302,0.280304082
SAM039,128.26475,2.168890569,0.920406492,0.324210336,0.177120642,0.118110338,-5.602410164,-2.813849759,1.635929253,0.66525045
SAM040,155.1605,2.27213032,0.887600822,0.384118568,0.102060911,0.125260943,-4.732601465,-2.510792928,1.070146392,0.515848915
SAM041,148.41975,2.280697124,0.884511885,0.631101752,0.097487295,0.115364404,-4.664413763,-2.728957165,1.422006659,0.635337446
SAM042,154.39325,2.25493561,0.89361984,0.331052798,0.14341064,0.046710114,-4.871365293,-2.516078621,1.154840783,0.496191005
SAM043,144.279,2.266271787,0.889678425,0.326300845,0.143325514,0.060551386,-4.779596692,-2.472778302,1.079778156,0.470216913
SAM044,156.47425,2.275593979,0.886359262,0.501600263,0.099668389,0.118447981,-4.704956043,-2.616603302,1.271193809,0.583630084
SAM045,131.09375,2.206487934,0.909351672,0.320405473,0.078451174,0.10964378,-5.275668813,-2.674037767,1.227184261,0.590331872
SAM046,153.00625,2.147348544,0.926322381,0.226531834,0.068528977,0.094791638,-5.794457232,-2.796565598,1.263685279,0.611893589
SAM047,148.63225,2.15870554,0.9232401,0.222068556,0.069504687,0.10521365,-5.692783294,-2.749474252,1.173733588,0.584532
SAM048,152.11725,2.121909674,0.932940864,0.141650224,0.069870839,0.030044486,-6.025539796,-2.809324666,1.015578675,0.528507817
SAM049,164.192,2.111737644,0.935480729,0.109244414,0.072219462,0.027114074,-6.119188205,-2.816873706,0.844876079,0.473981374
SAM050,152.6485,2.148587271,0.925990094,0.226475033,0.068038127,0.102570961,-5.783321892,-2.791831827,1.253178661,0.610056585
SAM051,144.48675,2.120306692,0.933345073,0.223629107,0.066113799,0.122059981,-6.040251296,-2.897563526,1.42048371,0.664720836
SAM052,222.5885,2.426303026,0.821520577,0,0.538863223,0.18093574,-3.60515581,-1.62659275,-0.480792014,0.414104378
SAM053,164.7975,2.23717743,0.899590944,0.355226736,0.343312397,0.55706059,-5.017305819,-2.601288541,1.518075789,0.605881669
SAM054,153.09925,2.219414683,0.90532426,0.560314703,0.235730918,0.100044292,-5.165907273,-2.868293304,1.805141956,0.70947663
SAM055,167.82075,2.389170116,0.839642207,0.441383757,0.407990641,0.261829112,-3.857148323,-2.185614303,1.066317738,0.346532134
SAM056,143.0795,2.144766818,0.927011887,0.263736161,0.094529689,0.185573712,-5.817700767,-2.843539723,1.485517474,0.663983712
SAM057,240.311,2.544472315,0.752369236,0.207596943,0.475088023,0.535588616,-2.885737524,-1.464520308,-0.154210621,0.175975203
SAM058,77.07575,1.900461708,0.976765824,0.348952352,0.478958034,0.108492648,-8.187642766,-4.099352187,3.194256717,1.171986788
SAM059,162.82475,2.217638001,0.905884928,0.354553762,0.067788655,0.077551811,-5.180913057,-2.668776389,1.203807117,0.593263818
SAM060,163.94175,2.285833377,0.882630475,0.337889594,0.082447404,0.10715409,-4.623836478,-2.418542637,0.770249049,0.44716733
SAM061,138.26825,2.118841296,0.933713286,0.355373559,0.058356966,0.08296596,-6.053715359,-3.035042415,1.76654217,0.775900246
SAM062,142.36,2.144885817,0.926980196,0.327502898,0.298556833,0.186282596,-5.816628363,-2.906855482,1.846682846,0.716619771
SAM063,187.5105,2.316838225,0.87078842,0.203416413,0.287561839,1,-4.383798414,-2.181339827,0.699878056,0.394382931
SAM064,158.6075,2.226603287,0.90303219,0.320867519,0.155804098,0.298713757,-5.105455509,-2.603678629,1.306832016,0.572280524
SAM065,141.4815,2.116732293,0.934241043,0.229477535,0.072864218,0.102213575,-6.073118307,-2.917419302,1.486901144,0.676704038
SAM066,136.882,2.277066674,0.885828361,0.468462992,0.065686389,0.129306461,-4.693232977,-2.578511623,1.07256487,0.563281235
SAM067,163.522,2.232368733,0.901166276,0.36546363,0.053323049,0.053768507,-5.057278153,-2.628198474,1.057026167,0.570786919
SAM068,76.511,1.815733018,0.98844429,0.230593917,0.18377058,0.43373078,-9.053312421,-4.68536364,3.679352964,1.31688697
SAM069,155.9785,2.195856184,0.91257539,0.376143855,0.051886978,0.065557878,-5.366945903,-2.767728725,1.320484849,0.648856633
SAM070,122.08875,2.202453165,0.91058438,0.369171626,0.230125522,0.438186932,-5.31020297,-2.737162712,1.612933195,0.66336149
SAM071,74.39125,1.90544536,0.97600537,0.260076743,0.110346233,0.199388851,-8.136979283,-3.977882949,2.933519177,1.116484648
SAM072,90.64,2.074679636,0.944246535,0.458298772,0.408404097,0.158075132,-6.466023212,-3.316567621,2.389232349,0.909160822
SAM073,85.97725,2.018537788,0.956180018,0.451572398,0.41716402,0.177466348,-7.006673392,-3.556916873,2.647768695,1.000681397
SAM074,109.71725,2.130536174,0.930739793,0.429837492,0.729030428,0.479665155,-5.946671231,-3.064049123,2.176825669,0.818423654
SAM075,64.89475,1.866443065,0.98173003,0.345712528,0.402263291,0.139212299,-8.534529977,-4.339003782,3.433243622,1.243190011
SAM076,77.432,1.7967758,0.990759727,0.335858764,0.136295374,0.211363961,-9.247154742,-5.015404588,4.101569195,1.420073619
SAM077,94.521,1.879870301,0.979816964,0.421457317,0.40130426,0.575339183,-8.397424231,-4.31419272,3.431621914,1.246742325
SAM078,116.328,2.246216791,0.896582014,0.462649295,0.381638501,0.123917238,-4.942687441,-2.677539424,1.661550406,0.615961946
SAM079,105.82,2.102538296,0.937727054,0.302280003,0.13804587,0.246977022,-6.204472939,-3.046532269,1.88264452,0.777666375
SAM080,106.954,2.167781604,0.920718254,0.412509298,0.200436739,0.015981809,-5.612212559,-2.906240336,1.81942041,0.719405721
SAM081,92.53725,2.046530295,0.950422697,0.286722416,0.189819894,0.075205433,-6.734986282,-3.265628072,2.182553065,0.859411907
SAM082,117.593,2.256805998,0.892976601,0.399268463,0.585457848,0.233118736,-4.856148784,-2.57791262,1.618762718,0.568314457
SAM083,117.0365,2.249458473,0.895487607,0.402947289,0.544904162,0.230539396,-4.916094752,-2.60671113,1.637708063,0.583937625
SAM084,108.67025,2.133675034,0.929927995,0.583409724,0.075809561,0.099318287,-5.91810162,-3.205537483,2.071199595,0.859848182
SAM085,106.39825,2.132231765,0.930301994,0.588016706,0.072358496,0.113055069,-5.931229591,-3.215694735,2.077930652,0.864391985
SAM086,108.0285,2.144564334,0.927065792,0.559349984,0.072897931,0.107037715,-5.819525789,-3.13992107,1.981972562,0.833649914
SAM087,108.98075,2.145451879,0.926829326,0.637243766,0.071628844,0.103779563,-5.811528429,-3.214451976,2.062972189,0.859724063
SAM088,86.03725,2.032680264,0.953317665,0.496111558,0.089512125,0.05390807,-6.8689134,-3.536692688,2.511209787,0.991002829
SAM089,88.64425,2.041233929,0.951540672,0.497352652,0.096023584,0.058497566,-6.786082404,-3.499649465,2.472697454,0.977344283
SAM090,91.21325,2.074939967,0.944187528,0.256724159,0.168057698,0.363585391,-6.463557102,-3.113904265,1.951471368,0.797518524
SAM091,111.3995,2.327661255,0.866451522,0.446864705,0.307537148,0.270496217,-4.302008261,-2.389336942,1.248220323,0.472826389
SAM092,108.452,2.193801698,0.913189296,0.367847329,0.293599314,0.157829334,-5.384687372,-2.766810228,1.696190353,0.654649792
SAM093,66.9665,1.819679133,0.987949471,0.365447148,0.168118627,0.116707174,-9.012936709,-4.778038129,3.872859256,1.363956849
SAM094,90.41975,2.209348081,0.908470873,0.755672806,0.082313387,0.114417694,-5.251267204,-3.09915852,1.880783384,0.796256008
SAM095,112.95075,2.195259489,0.912753989,0.36082093,0.284531898,0.143533359,-5.372095224,-2.754547136,1.672059812,0.645875732
SAM096,101.59725,2.283705852,0.883412488,0.627418958,0.184704908,0.408694189,-4.640616485,-2.715190751,1.547731477,0.654719222
SAM097,63.84375,1.793235477,0.991181054,0.50829836,0.241087736,0.085110336,-9.283323275,-5.234725515,4.370250702,1.479135611
SAM098,59.67675,1.778694262,0.992875997,0.382967402,0.209342945,0.067424884,-9.431728733,-5.323680274,4.442578613,1.495506193
SAM099,74.7025,2.100874768,0.938128203,0.424557267,0.109258679,0.292120081,-6.219953895,-3.175483722,2.077921078,0.855537311
SAM100,116.545,2.38500487,0.841579964,0.261361454,0.362934192,0.282810432,-3.886194581,-2.018868816,0.668132544,0.177287741
SAM101,120.1215,2.228390681,0.902456369,0.322793365,0.248797538,0.216955385,-5.09049034,-2.599370277,1.421785687,0.561737883
SAM102,85.48025,2.161747735,0.922400671,0.592399847,0.137707237,0.242277197,-5.665708644,-3.108480402,2.021009247,0.824827082
SAM103,93.27825,2.152914134,0.924821954,0.485239426,0.137005524,0.231478076,-5.744513512,-3.034312926,1.935184426,0.795348031
SAM104,112.58475,2.213463684,0.907193228,0.393347379,0.086598858,0.017200017,-5.216269918,-2.72227839,1.3844685,0.623443358
SAM105,81.7565,2.017315907,0.956422972,0.189690039,0.088587634,0.279339115,-7.018621186,-3.300720388,1.994895574,0.836939708
SAM106,101.951,1.993308641,0.961060427,0.114877141,0.04388349,0.692716712,-7.254752797,-3.340828118,1.687755176,0.799798032
SAM107,80.298,1.99646904,0.960464489,0.333221987,0.009306412,0,-7.223522742,-3.543676649,2.265223325,0.978695029
SAM108,89.49125,1.926432808,0.972705397,0.50657319,0.108209869,0.246350635,-7.924200151,-4.093834379,3.156787934,1.180811817
SAM109,114.55325,2.150795062,0.925395503,0.317758119,0.077210371,0.086661641,-5.76350287,-2.874796048,1.549504539,0.691447785
SAM110,124.09175,2.268573069,0.888865665,0.459184142,0.087016815,0.200961131,-4.761101408,-2.597873369,1.197034714,0.581148381
SAM111,122.96725,2.182831643,0.916418582,0.421306385,0.069364059,0.079727963,-5.479977025,-2.859916819,1.561970476,0.702128672
SAM112,155.915,2.352048151,0.856274101,0.119691847,0.337333887,0.197407334,-4.121552872,-1.982959718,0.133639748,0.105088558
SAM113,160.09775,2.388640307,0.839889718,0.358327283,0.27276399,0.10144561,-3.860834209,-2.104245596,0.756849756,0.236940267
SAM114,163.98025,2.39516681,0.836819582,0.358050793,0.258891516,0.091412563,-3.815606731,-2.083198227,0.696906416,0.218019852
SAM115,143.1215,2.178486762,0.917675214,0.190734559,0.03372344,0.132208157,-5.517975539,-2.645169251,0.527051146,0.503163176
SAM116,147.0335,2.343693644,0.859825242,0.126002686,0.347213016,0.203204274,-4.182772836,-2.01630518,0.256626217,0.050885908
SAM117,129.51225,2.299285886,0.877596052,0.701886092,0.099224632,0.084855276,-4.518649773,-2.737740554,1.412464957,0.627978693
SAM118,101.887,1.971054566,0.965136182,0.250441182,0.081778783,0.291687338,-7.475801751,-3.589056339,2.450895347,0.98116185
SAM119,128.84375,2.229785343,0.902005421,0.230856434,0.266332059,0.304984075,-5.078831647,-2.502575337,1.204683091,0.47549099
SAM120,182.95075,2.282839623,0.883729791,0.279176526,0.099013684,0.441481477,-4.647459783,-2.36984947,0.674075391,0.446762784
SAM121,164.298,2.12963209,0.930972528,0.083080417,0.207391039,0.611436991,-5.954912822,-2.720781524,0.898817383,0.434836918
SAM122,183.66,2.275456749,0.886408641,0.288876829,0.103960648,0.429438157,-4.706049381,-2.404341775,0.785614528,0.468604823
SAM123,93.65525,2.080526686,0.942912668,0.208623832,0.361424623,0.163797794,-6.410731836,-3.042550035,1.909934467,0.728719334
SAM124,79.6345,2.062915852,0.946876364,0.208091778,0.367946446,0.167646118,-6.577876953,-3.116055882,1.995650376,0.762692506
SAM125,169.89175,2.256261334,0.8931642,0.358625538,0.043167231,0.239755595,-4.860576811,-2.539127163,0.769008599,0.540676237
SAM126,171.53725,2.305793342,0.875104187,0.337504883,0.068596468,0.284745057,-4.468336902,-2.351815613,0.515839208,0.43391373
SAM127,167.16975,2.295543811,0.879012165,0.337975059,0.071272786,0.302713287,-4.547750459,-2.386254876,0.62428756,0.457109142
SAM128,172.628,2.272660989,0.887411244,0.131694221,0.274841367,0.143239858,-4.728359195,-2.256578672,0.557663584,0.151014669
SAM129,80.25675,1.863640972,0.982121857,0.313648234,0.204161555,0.195875,-8.563165711,-4.328818224,3.382893054,1.236003931
SAM130,134.4615,2.338511896,0.8619937,0.330250658,0.477937541,0.369926724,-4.221058543,-2.237371708,1.141478702,0.377299675
SAM131,110.3845,2.129881711,0.930908317,0.255547912,0.156082982,0.461177549,-5.952636707,-2.892285152,1.649326919,0.704272564
SAM132,140.61125,2.176092012,0.918362472,0.255948584,0.076504439,0.395623044,-5.538980866,-2.719135426,1.214947867,0.616161461
SAM133,69.41875,2.078771448,0.943314972,0.405464178,0.190719556,0.138276104,-6.427308269,-3.246673701,2.225151586,0.876797987
SAM134,71.48275,2.068776273,0.945575154,0.406608403,0.195156393,0.137668527,-6.522053398,-3.289692436,2.278349383,0.894383777
SAM135,220.519,3.099786985,0,0.318053764,1,0.417497246,-0.91,-0.318053764,0,0
SAM136,117.03475,2.493072284,0.784770246,0.926552254,0.32457868,0.430273554,-3.183386766,-2.343865632,1.046048129,0.4111072
SAM137,168.3095,2.536266538,0.757802553,0.188980603,0.518933995,0.506602752,-2.931704084,-1.471519054,-0.092638453,0.217290472
SAM138,161.19475,2.459127442,0.804159166,0.190432958,0.247593133,0.645959827,-3.392798541,-1.71388557,-0.500564319,0.031069332
SAM139,170.14725,2.476526222,0.794410524,0.191055025,0.248291008,0.606734711,-3.284173904,-1.660057663,-0.681228681,0.020797777
SAM140,172.03425,2.273460001,0.887125364,0.280666268,0.046291788,0.296585925,-4.721976295,-2.402856895,0.300514914,0.444530337
SAM141,169.8835,2.310491561,0.873281773,0.563154691,0.058557824,0.47936851,-4.432244428,-2.561960388,0.993495122,0.591230061
SAM142,166.467,2.321193664,0.869056136,0.554844522,0.062110714,0.493422245,-4.350758822,-2.518477902,0.92764628,0.571393311
SAM143,161.0455,2.312118319,0.872646153,0.656007775,0.063234843,0.413015285,-4.419792885,-2.649454181,1.158364941,0.62017247
SAM144,165.81175,2.31887167,0.869981822,0.600868401,0.060990667,0.438690926,-4.368352083,-2.57211612,1.018235371,0.589613619
SAM145,179.67075,2.532132779,0.760501012,0.191551213,0.500096744,0.526272648,-2.955081983,-1.48698953,-0.099088749,0.187747199
SAM146,177.817,2.538136639,0.756573313,0.191252246,0.507908049,0.520923691,-2.92117684,-1.467954036,-0.116238718,0.206159592
SAM147,178.61425,2.626113006,0.69233375,0.229371732,0.487885187,0.592403888,-2.459617091,-1.229894592,-0.536372293,0.262305192
SAM148,158.3295,2.468006174,0.799233162,0.189584602,0.238719414,0.65244155,-3.337027012,-1.685236083,-0.672457349,0.014849381
SAM149,158.43,2.460303128,0.803512654,0.186452899,0.24493309,0.687617084,-3.385372777,-1.706222219,-0.567272463,0.039352249
SAM150,168.83025,2.274758907,0.886659502,0.290246606,0.044250526,0.266510001,-4.711611742,-2.408061091,0.307981124,0.447413387
SAM151,166.65775,2.281275856,0.884301006,0.285149236,0.118238534,0.207737438,-4.659830229,-2.381063554,0.792019995,0.419514568
SAM152,160.97275,2.419337486,0.825039009,0.287916856,0.724051223,0.485862925,-3.651472901,-1.936487513,0.903031783,0.19683145
SAM153,172.12175,2.421607894,0.823898374,0.30094278,0.752554192,0.478286823,-3.636327605,-1.942345728,0.935200403,0.204940399
SAM154,75.65225,1.837779903,0.985621232,0.30175854,0.20681845,0.213370591,-8.827693988,-4.536528313,3.593268377,1.292367438
SAM155,91.33775,1.915247477,0.974483964,0.28789085,0.211471946,0.211217796,-8.037478124,-3.94344324,2.955172616,1.112959753
SAM156,158.6205,2.253560855,0.894090864,0.527797143,0.048150284,0.066721151,-4.882568493,-2.717519093,1.24016046,0.632140449
SAM157,122.99425,2.220737153,0.904905436,0.402644311,0.295411234,0.265077171,-5.154754416,-2.705981373,1.635264024,0.638471159
SAM158,157.1895,2.236331988,0.899869176,0.525048102,0.048510922,0.060288997,-5.024319644,-2.774036636,1.345971251,0.660915141
SAM159,198.7365,2.460421259,0.803447597,0.190751879,0.562030551,0.198135934,-3.384627339,-1.710151144,0.35032436,0.213790734
SAM160,134.9855,2.3123001,0.872574978,0.64737013,0.1014555,0.082144322,-4.418402949,-2.64021796,1.285003226,0.582914704
SAM161,110.51525,2.03809882,0.952196046,0.531967233,0.110224009,0.303561639,-6.816397801,-3.548221965,2.540375632,1.001312885
SAM162,89.51275,1.990490836,0.96158812,0.456845522,0.274945318,0.491027053,-7.282632771,-3.696713404,2.77039059,1.056861232
SAM163,85.0655,1.962974388,0.966565113,0.461577941,0.285448446,0.479436491,-7.556523596,-3.842778223,2.929840012,1.104982902
SAM164,117.6,2.165108021,0.921466611,0.249121169,0.451812246,0.108137914,-5.635882921,-2.752736917,1.669227946,0.603088747
SAM165,86.02025,2.001717618,0.959465163,0.460260053,0.268737987,0.476645953,-7.171752343,-3.645235261,2.713452923,1.039160817
SAM166,107.991,2.161009067,0.922605031,0.445559509,0.298680374,0.16621315,-5.672276256,-2.964386341,1.956992839,0.758992438
SAM167,115.273,2.165001049,0.921496458,0.443987436,0.281575922,0.187206836,-5.636831116,-2.947999286,1.929020363,0.752666913
SAM168,79.332,1.895885224,0.977456504,0.491715407,0.197694149,0.068073798,-8.234207548,-4.272645007,3.371851324,1.232054022
SAM169,121.14075,2.204088304,0.91008619,0.372350854,0.432796839,0.149146304,-5.296191947,-2.734516436,1.72973892,0.638265753
SAM170,115.7845,2.0757471,0.944004357,0.163256314,0.296842497,0.09252745,-6.455913712,-3.017063814,1.757378377,0.673695489
SAM171,112.68575,2.281834424,0.884097208,0.375445729,0.145964619,0.123484812,-4.655409154,-2.469487265,1.115007697,0.489753934
SAM172,112.84125,2.128407958,0.931286881,0.239786563,0.112352369,0.480534117,-5.966080996,-2.882218893,1.545982995,0.693527972
SAM173,113.0645,2.169707845,0.920176222,0.375843781,0.311216603,0.081842858,-5.595191992,-2.86247093,1.824893415,0.697802938
SAM174,118.2965,2.211192775,0.907899704,0.410846941,0.117676818,0.06388112,-5.235563858,-2.747802337,1.502755481,0.643294252
SAM175,110.948,2.165874546,0.921252525,0.408718404,0.109478052,0.010701082,-5.629091065,-2.909497217,1.71962557,0.720228906
SAM176,86.002,2.083415585,0.942246975,0.251980548,0.439789405,0.171225919,-6.383489787,-3.073963615,2.030362242,0.767367432
SAM177,73.58425,2.085241974,0.941823828,0.515491779,0.328916753,0.109751739,-6.366293444,-3.329952363,2.385722551,0.913416472
SAM178,84.21575,1.916981563,0.97421122,0.302521287,0.366406464,0.2020752,-8.019897114,-3.947301925,2.998111214,1.11736329
SAM179,74.42025,1.879723986,0.979838131,0.308628273,0.348836071,0.229572169,-8.398917125,-4.202423743,3.266609633,1.198318828
SAM180,110.87125,2.240656929,0.898440131,0.417506498,0.332021703,0.019200637,-4.988502303,-2.651543552,1.595508879,0.58825619
SAM181,119.86425,2.255051532,0.893580054,0.394699465,0.333333621,0.017741741,-4.870421347,-2.579329516,1.500712288,0.544278413
SAM182,82.61525,1.913366482,0.974778586,0.306147696,0.361838581,0.212859788,-8.056556193,-3.973464306,3.027403564,1.126714968
SAM183,75.4845,1.900333673,0.976785246,0.29153069,0.356039343,0.200496163,-8.188944975,-4.042776702,3.088975128,1.145442032
SAM184,70.9445,2.073065304,0.944611655,0.516452206,0.330434724,0.117041189,-6.481324806,-3.381482884,2.442746891,0.933903043
SAM185,83.20275,2.059229712,0.947685861,0.399389903,0.157846224,0.118631187,-6.613090148,-3.323132697,2.294088926,0.906410541
SAM186,102.002,2.161220795,0.92254649,0.508153626,0.103463187,0.001025084,-5.670393341,-3.02619305,1.883095026,0.779177777
SAM187,117.39975,2.054883002,0.948631637,0.404718403,0.059619935,0.046917878,-6.654712058,-3.347199718,2.223965665,0.914004456
SAM188,115.81225,2.046827501,0.950359556,0.400690743,0.065936156,0.040081172,-6.732123421,-3.378290686,2.273513794,0.925727587
SAM189,116.6605,2.052296978,0.949189841,0.402634434,0.064380129,0.046477032,-6.679524399,-3.356333469,2.243405043,0.917430806
SAM190,117.5195,2.049099121,0.94987553,0.400934382,0.064589881,0.050646377,-6.710257893,-3.36857837,2.25899061,0.922267295
SAM191,116.57475,2.035663366,0.952701907,0.404676702,0.061470956,0.052158045,-6.839983087,-3.431833214,2.336000926,0.947395682
SAM192,104.15825,2.173207056,0.919185394,0.171538545,0,0.26149218,-5.564343976,-2.645298244,1.592286056,0.49989837
SAM193,109.14,2.134892765,0.929611472,0.324184462,0.212929506,0.197232219,-5.907036469,-2.941637132,1.833228532,0.732880243
SAM194,95.9265,2.068278866,0.945686278,0.213669436,0.31260609,0.09378534,-6.526783728,-3.098855553,1.962141167,0.753975747
SAM195,114.667,2.398048726,0.835449144,0.627483206,0.083969291,0.012028429,-3.795758511,-2.343472333,0.656850211,0.396244274
SAM196,114.02725,1.908534322,0.975529626,0.379808049,0.080355534,0.560018616,-8.105601534,-4.077738366,3.107017025,1.174554582
SAM197,77.1865,1.711618318,1,0.460936084,0.107291349,0.310509498,-10.11111111,-0.460936084,1.173165265,0.989392864
SAM198,101.528,2.010649004,0.957736624,0.220391388,0.115655268,0.313187769,-7.083935251,-3.362712236,2.164973363,0.882022867
SAM199,108.5405,1.967199899,0.965821173,0.21632914,0.066361785,0.443031901,-7.51428131,-3.57514016,2.36665338,0.965864114
SAM200,100.34075,1.966252515,0.965988599,0.096687152,0.661135328,0.496108047,-7.523746832,-3.460494906,2.148527483,0.811485413
SAM201,77.5845,2.076865298,0.943750028,0.508655627,0.08329165,0.252529984,-6.445330955,-3.357798039,2.2858139,0.92926173
SAM202,115.9935,2.123384516,0.932567646,0.14391809,0.121803322,0.537740378,-6.012019726,-2.805844715,1.202560395,0.584182696
SAM203,123.3615,2.259024849,0.892209922,0.281368443,0.16332965,0.352064887,-4.838135885,-2.452453144,1.043387317,0.481485564
SAM204,76.6275,1.937653976,0.970874503,0.234971196,0.104688819,0.749678101,-7.810877052,-3.75636987,2.649203129,1.044952122
SAM205,115.5685,2.12168484,0.932997648,0.277632193,0.265234371,0.220728004,-6.027602166,-2.946183849,1.83583762,0.721971068
SAM206,90.3335,2.059404741,0.947647579,0.285820017,0.383674627,0.297342851,-6.611416387,-3.20881129,2.195479035,0.844952047
SAM207,92.11925,1.946904705,0.969329132,0.077864585,0.105571624,0.112886254,-7.717718762,-3.546771486,1.903501582,0.790923393
SAM208,72.40075,2.031012981,0.95365998,0.31527042,0.252755941,0.101114414,-6.885102563,-3.363389509,2.34740867,0.908208836
SAM209,82.39825,2.071949558,0.944863215,0.316184647,0.260185174,0.116771774,-6.491909488,-3.185899296,2.148052629,0.835682789
SAM210,102.63025,2.212315689,0.907550829,0.202604921,0.236694365,0.116711561,-5.226018236,-2.535590414,1.162875302,0.446014877
SAM211,75.88825,2.066012081,0.946191085,0.217693957,0.252333529,0.169880176,-6.54835904,-3.112482174,1.95424006,0.767101944
SAM212,78.5635,2.051428217,0.949376622,0.303567624,0.259409487,0.10649782,-6.687868239,-3.261047015,2.22532424,0.863701982
SAM213,72.845,2.039921133,0.951815679,0.321276936,0.267921266,0.114397846,-6.798770406,-3.329408212,2.318520493,0.896423669
SAM214,101.55875,2.209997859,0.908269961,0.20084011,0.235127774,0.105316654,-5.245732733,-2.54202435,1.166351091,0.446703199
SAM215,81.5965,2.076750709,0.943776121,0.217098604,0.273242443,0.152121988,-6.4464151,-3.06671869,1.910221707,0.744666248
SAM216,97.13125,1.961431913,0.966834881,0.092468922,0.097485898,0.10283697,-7.571959097,-3.481909131,1.900305202,0.793321494
SAM217,105.77125,2.119412232,0.933569974,0.203469091,0.235168781,0.327543432,-6.048467889,-2.880902408,1.632111257,0.659279325
SAM218,122.14575,2.228784068,0.902329318,0.284002474,0.008063343,0.300271612,-5.087200184,-2.559208537,-1.008316922,0.535335701
SAM219,97.64725,2.296682503,0.878582541,0.725169258,0.152605919,0.15348242,-4.538882287,-2.769665219,1.547285119,0.647118534
SAM220,119.04525,2.048196343,0.950068193,0.312669626,0.096755053,0.329511968,-6.718944268,-3.284265249,2.149562515,0.88441524
SAM221,107.88575,2.152792673,0.924854904,0.444469271,0.282730757,0.390130276,-5.745601049,-2.993998742,1.983898077,0.784968128
SAM222,106.164,2.111055672,0.935648893,0.243819172,0.086189467,0.193992159,-6.125491502,-2.954147157,1.603900641,0.709123852
SAM223,88.64575,1.917924687,0.974062424,0.439004982,0.183415238,0.10703527,-8.010338149,-4.077956366,3.157690635,1.173001529
SAM224,102.61925,2.032689985,0.953315666,0.174458495,0.292938287,0.165083932,-6.868819085,-3.214995764,2.01605557,0.782590427
SAM225,150.1165,2.635554434,0.684634483,1,0.179410708,0.264488721,-2.413904383,-1.970561653,-0.081916549,0.101796538
SAM226,152.624,2.219147453,0.905408736,0.686835496,0.053923896,0.099677955,-5.168162634,-2.995752642,1.690098779,0.758092186
SAM227,93.56175,2.095247903,0.939473755,0.534708,0.186718821,0.208297568,-6.272449729,-3.308330927,2.305954584,0.908000327
SAM228,126.06525,2.122032032,0.932909949,0.134209725,0.288516855,0.529277343,-6.02441757,-2.801406885,1.394317936,0.568246992
SAM229,194.26725,2.290672697,0.880837356,0.233849922,0.499503553,0.16800947,-4.585815077,-2.29834545,1.136906651,0.326992986
SAM230,195.95725,2.250142725,0.895255555,0.247235584,0.50371402,0.154272569,-4.910492913,-2.448654358,1.337133834,0.432003956
SAM231,130.46425,2.227254704,0.902822606,0.659573226,0.046740467,0.087122767,-5.0999984,-2.940111208,1.585385382,0.734543774
SAM232,147.03825,2.447554119,0.810430806,0.619904418,0.395179256,0.244134877,-3.466561461,-2.17965108,1.035830749,0.335043501
SAM233,172.88625,2.638993797,0.681787908,0.479211101,0.297021635,0.345375262,-2.397430774,-1.438835691,-0.522021481,0.175652049
SAM234,77.21,1.972886373,0.964808525,0.371935532,0.063827708,0.322379,-7.457534529,-3.701027614,2.658270927,1.048726068
SAM235,174.8685,2.67467677,0.650885816,0.838452302,0.292054863,0.360785275,-2.232066713,-1.683769675,-0.103669242,0.011779282
SAM236,163.7685,2.205998397,0.909501847,0.638331527,0.062044603,0.111513824,-5.2798519,-2.993703131,1.730368764,0.763314405
SAM237,150.8895,2.215599905,0.906525272,0.210912165,0.24067963,0.212029214,-5.198158293,-2.532309397,1.18032797,0.46499828
SAM238,146.61725,2.21813164,0.90572938,0.202685748,0.239638558,0.178390985,-5.176741221,-2.51517255,1.137268563,0.442660051
SAM239,147.17925,2.29404734,0.879575068,0.228549674,0.220809015,0.628015595,-4.559422317,-2.281806134,0.795363482,0.399170182
SAM240,112.7445,2.306116077,0.87497963,0.355131043,0.546644976,0.382948394,-4.465851376,-2.368375393,1.350175475,0.463217414
SAM241,168.05525,2.307763969,0.874342191,0.242227658,0.294944272,0.663992398,-4.453174489,-2.25003002,0.893701867,0.396873893
SAM242,102.54675,2.146369386,0.926584369,0.184877747,0.075952003,0.278938467,-5.803267045,-2.758613311,1.118852159,0.577576058
SAM243,158.52325,2.337017119,0.862614441,0.322857131,0.20607551,0.31079422,-4.232147549,-2.234837292,0.817677678,0.362058933
SAM244,157.45275,2.322950496,0.868352461,0.286455254,0.239753878,0.330697938,-4.337479541,-2.244333638,0.860131767,0.356627026
SAM245,138.41625,2.185799289,0.91555302,0.658143177,0.062900412,0.090900385,-5.454106779,-3.085985385,1.860810326,0.801739422
SAM246,147.5875,2.35930603,0.85313315,0.206438606,0.037710434,0.256193839,-4.068878812,-2.046298698,-0.873820309,0.140468764
SAM247,113.01625,2.043885141,0.950982749,0.464945059,0.327111176,0.339802181,-6.760486449,-3.45550361,2.521684237,0.968365737
SAM248,189.02575,2.311748082,0.872791024,0.236450007,0.316615568,0.605515149,-4.42262469,-2.231115725,0.885348775,0.372299092
SAM249,143.703,2.345591738,0.85902443,0.807846467,0.573411169,0.137486169,-4.168808932,-2.691998123,1.678714246,0.590094803
SAM250,139.22025,2.160511911,0.922742379,0.564064365,0.037025216,0.042392145,-5.676698835,-3.084740842,1.799158853,0.806158572
SAM251,78.32825,2.014210057,0.957037461,0.176433858,0.054953303,0.286455693,-7.049022673,-3.301984561,1.896730109,0.828096744
SAM252,138.537,2.363568798,0.851263758,0.550935042,0.341758017,0.18158082,-4.038163212,-2.377079396,1.262895411,0.45318418
SAM253,163.802,2.268472933,0.888901121,0.376587307,0.078327715,0.236719952,-4.761905263,-2.515615175,0.979792505,0.53096296
SAM254,74.32625,2.051065414,0.949454513,0.509249491,0.092428842,0.465384044,-6.691353931,-3.46830937,2.431603219,0.977068741
SAM255,127.93275,2.16461503,0.921604101,0.240065446,0.614038652,0.199671169,-5.640253427,-2.745507032,1.70726572,0.602939806
SAM256,84.562,2.061258335,0.947241214,0.286813555,0.040747732,0.186087921,-6.59370143,-3.20186017,1.899172282,0.837365483
SAM257,136.585,2.349052166,0.857555429,0.459260067,0.278769662,0.130697011,-4.143434603,-2.332211402,1.141883408,0.417299674
SAM258,136.219,2.360457141,0.852630149,0.525205564,0.346459042,0.207680292,-4.06056825,-2.361359564,1.248657865,0.448760391
SAM259,147.1855,2.367491071,0.849527402,0.339076988,0.192434372,0.516138321,-4.010046017,-2.152621548,0.653765413,0.357612102
SAM260,161.81775,2.26104685,0.891507841,0.529032832,0.501085328,0.210822177,-4.821757516,-2.693239144,1.730331998,0.632606734
SAM261,106.74475,1.97779504,0.963923662,0.491581321,0.475838951,0.268964584,-7.408645644,-3.79538407,2.909040664,1.086288579
SAM262,56.32275,1.865810111,0.98181876,0.582531438,0.099804026,0.157931745,-8.540997809,-4.580736177,3.671022549,1.316911665
SAM263,121.72925,2.097332907,0.9389772,0.514952303,0.43118762,0.262460207,-6.252974114,-3.280143158,2.356674546,0.899177097
SAM264,88.4485,2.03053281,0.953758322,0.364476427,0.072522391,0.268477093,-6.889767589,-3.414771104,2.315267149,0.942926125
SAM265,143.39175,2.350334275,0.857008176,0.165456023,0.528976441,0.679127756,-4.134060592,-2.034261862,0.692765538,0.208735846
SAM266,105.022,2.065538062,0.946296315,0.29632432,0.407084207,0.185948752,-6.55287452,-3.193125168,2.193092157,0.836546173
SAM267,137.77775,2.374909652,0.846200072,0.449858729,0.288321163,0.144891332,-3.957245494,-2.239623455,1.019782202,0.359144113
SAM268,171.327,2.265448621,0.889968104,0.256028758,0.528633412,0.191258226,-4.786223452,-2.405295045,1.309205642,0.416310259
SAM269,164.4095,2.254104566,0.893904754,0.22654009,0.489953655,0.19268452,-4.878135756,-2.414404176,1.261384536,0.402121348
SAM270,109.47,2.01724783,0.956436488,0.221144295,0.636147486,0.133924789,-7.019287061,-3.332491869,2.313090655,0.862912308
SAM271,186.62825,2.345967782,0.858865361,0.218040205,0.538025322,0.182649743,-4.166046309,-2.100973903,0.895796326,0.172600945
SAM272,79.8305,2.192276634,0.91364313,0.748252495,0.138268506,0.273318077,-5.397878461,-3.152701642,2.028040753,0.828638262
SAM273,210.4105,2.345670159,0.858991269,0.21807616,0.534337068,0.198122644,-4.168232708,-2.101973805,0.894298615,0.178003354
SAM274,145.427,2.303887474,0.875837861,0.368729007,0.254127898,0.432852605,-4.483033643,-2.389341078,1.166391371,0.485035011
SAM275,154.62575,2.221081971,0.904796023,0.130377518,0.246197419,0.188933815,-5.151848788,-2.432505219,0.791865183,0.292454955
SAM276,152.52825,2.207444955,0.909057597,0.12432712,0.248340883,0.22406208,-5.267496596,-2.474561379,0.835137289,0.316515569
SAM277,84.62875,2.070999217,0.945076974,0.333159406,0.232445026,0.300538074,-6.500930856,-3.206870511,2.170062139,0.856452258
SAM278,143.44975,2.421728405,0.823837664,0.54666106,0.078109321,0.142417702,-3.635525021,-2.187683668,0.235710127,0.324523394
SAM279,153.3895,2.249646703,0.895423809,0.515979854,0.246338839,0.198599187,-4.914553366,-2.719098479,1.629637673,0.64490821
SAM280,61.3245,1.920125545,0.973713937,0.349895742,0.072837632,0.357603404,-7.988039547,-3.975322853,2.974844577,1.136797332
SAM281,56.52975,1.888954223,0.978488765,0.366032234,0.076959017,0.339719808,-8.304797088,-4.194358873,3.229104705,1.205435216
SAM282,130.57225,2.292217772,0.880260637,0.380025616,0.324109145,0.350812751,-4.573718841,-2.439372518,1.310198874,0.503689997
SAM283,88.1515,2.059088497,0.947716737,0.303055158,0.117788869,0.323864235,-6.614440723,-3.227404474,2.093429541,0.858754881
SAM284,77.6795,1.954489622,0.96803725,0.272677096,0.068802967,0.330695173,-7.641529791,-3.699662826,2.595126498,1.029005342
SAM285,84.96375,2.093497331,0.939888826,0.169205566,0.146786446,0.192654525,-6.288822754,-2.949928386,1.55106983,0.653796279
SAM286,77.53575,1.960714254,0.966960068,0.276985801,0.072266338,0.312975489,-7.579143449,-3.670272184,2.567793206,1.019512805
SAM287,79.212,2.091521185,0.940355376,0.168816829,0.150826894,0.200114137,-6.307328774,-2.957576957,1.566431063,0.657854006
SAM288,132.676,2.308489805,0.874060655,0.379034318,0.31858829,0.316575282,-4.447598406,-2.384441271,1.232541799,0.46784601
SAM289,85.12325,2.056495695,0.948281845,0.299069535,0.11535506,0.335260589,-6.639257426,-3.234581672,2.096605257,0.861085404
SAM290,154.91075,1.973737529,0.964655807,0.160713941,0.102900564,0.489394693,-7.449050807,-3.485397105,2.18232049,0.898187687
SAM291,143.9275,2.089978403,0.940718139,0.273496717,0.113042703,0.682743178,-6.321793451,-3.068548368,1.852792194,0.801204648
SAM292,169.6565,2.498764171,0.781368147,0.183371449,0.492041228,0.525180427,-3.14927945,-1.582917786,0.026187099,0.129270384
SAM293,184.703,2.61644026,0.700049974,0.213889399,0.499042167,0.55274235,-2.507201152,-1.245020003,-0.50775917,0.307232143
SAM294,184.987,2.6151528,0.701064119,0.22036627,0.483894894,0.503775058,-2.513592377,-1.255564621,-0.517724125,0.33810436
SAM295,164.41975,2.236828195,0.899705941,0.225160742,0.056447655,0.273634256,-5.020202351,-2.472431275,0.479534697,0.449382853
SAM296,183.9305,2.640844907,0.680246487,0.219960775,0.492260446,0.541990701,-2.388603807,-1.173693632,-0.676319259,0.356507458
SAM297,76.0695,2.063557555,0.946734739,0.515415772,0.081634491,0.410882242,-6.57175476,-3.420643363,2.361848751,0.95796628
SAM298,145.1265,2.108602109,0.936251724,0.164420757,0.175685002,0.122828148,-6.148194548,-2.884479228,1.485401925,0.608940829
SAM299,89.19175,2.041777551,0.951426549,0.401867042,0.147790241,0.484818888,-6.780831002,-3.401752123,2.381340518,0.949072559
SAM300,84.56275,1.881895326,0.979523278,0.30221832,0.209677422,0.169083928,-8.376765403,-4.180358067,3.219245943,1.189766063
