SAMindex,TC_mean,ln(-c_interface_mean),c_interface_mean_to1,SAM_length_gm_mean_to1,Water_bending_overlap_factor_to1,Water_stretching_overlap_factor_to1,5P1Z,6P1F,7P2Z,8P1F,9P1F,12P1Z
SAM001,62.717,4.142167212,0.990502831,0.635345732,0.152380999,0.218377897,-9.225239659,4.425201057,-4.018799679,3.738029531,3.412882986,-3.97257814
SAM002,42.50925,4.405382485,0.974799397,0.817771904,0.107614174,0.04312299,-8.057907222,3.567566798,-3.820861305,3.535511767,3.27807731,-3.849451219
SAM003,48.74075,4.250388501,0.984542112,0.392576995,0.177831394,0.022248557,-8.74439366,3.694345367,-3.614187092,3.337828603,3.041340699,-3.605141144
SAM004,64.153,4.252400788,0.984425054,0.506457901,0.169031853,0.035084827,-8.73545204,3.814096156,-3.725137833,3.448767392,3.152802458,-3.716692792
SAM005,54.1965,4.151760273,0.990000123,0.412790823,0.20420366,0.014449223,-9.182654166,4.157754441,-3.781537448,3.501592798,3.179026205,-3.739015916
SAM006,53.86575,4.529605588,0.965824214,0.901614682,0.105720667,0.04236295,-7.514453023,3.307117547,-3.738487212,3.436738496,3.208579551,-3.785634146
SAM007,40.8,4.321720459,0.980245365,0.708648422,0.122777817,0.034610077,-8.42774274,3.742209659,-3.82796118,3.549374602,3.271179583,-3.838357006
SAM008,45.40425,4.407195598,0.974676255,0.583952693,0.108234099,0.056503511,-8.049919554,3.394247592,-3.584564141,3.299025158,3.042031733,-3.613496063
SAM009,70.59275,4.801134364,0.941855355,0.841403235,0.080122695,0.037501518,-6.367571481,2.728677092,-3.335420838,2.982556434,2.811006478,-3.389750172
SAM010,88.6725,4.865442573,0.935160125,0.342303137,0.293833549,0.054487694,-6.107206866,2.166473716,-2.758361952,2.39207876,2.232324912,-2.807314341
SAM011,43.18725,4.095531777,0.992879139,0.66889785,0.098094802,0.014274474,-9.432008246,4.740093634,-4.124960641,3.838819222,3.501032906,-4.059535774
SAM012,48.797,4.278817458,0.982866309,0.592775527,0.204837822,0.024064924,-8.618104974,3.796610134,-3.773234291,3.496422964,3.207286986,-3.772390476
SAM013,38.93,4.486751655,0.969047173,0.912556623,0.077926673,0.069184176,-7.700960853,3.41385857,-3.805990148,3.51061786,3.272581045,-3.847836106
SAM014,57.11225,4.282630504,0.982637896,0.354159068,0.159694547,0.025527848,-8.601173674,3.525716303,-3.529137764,3.252220374,2.964064413,-3.529347617
SAM015,66.505,4.234671669,0.985448326,0.709004499,0.103741512,0.020597649,-8.814240273,4.050782196,-3.953593992,3.677219539,3.376633839,-3.939746055
SAM016,200.10075,5.42539223,0.854475997,0.2030659,0.557383249,0.053597541,-4.091232824,1.052698766,-1.975276342,1.502606406,1.417611086,-1.996265666
SAM017,141.76525,5.088760411,0.908262934,0.470723737,0.132741912,0.222124314,-5.245539373,1.96436188,-2.623424755,2.211265835,2.08743514,-2.624750857
SAM018,160.934,4.863707912,0.935346431,0.103938813,0.073975075,0.027545355,-6.114163618,1.573502507,-2.522086739,2.156166853,1.996103222,-2.571224153
SAM019,142.40925,4.993501224,0.920474183,0.334291535,0.142918108,0.456645621,-5.604535588,1.942655603,-2.598053037,2.205102232,2.066914215,-2.626317407
SAM020,173.88075,5.687420547,0.798104405,0.175416927,0.223946226,0.12711258,-3.324504625,0.619069955,-1.661184786,1.137206198,1.065171607,-1.793691769
SAM021,205.80975,5.31538428,0.874079188,0.150934755,0.174739558,0.773918349,-4.44796504,1.060110675,-2.045699499,1.591662261,1.496095663,-1.991988287
SAM022,146.33975,4.87081034,0.934581565,0.231559709,0.069690104,0.107619143,-6.085703728,1.961854951,-2.641158623,2.273751057,2.114952837,-2.689523841
SAM023,152.556,4.828588609,0.939049633,0.111005735,0.073179735,0.020103926,-6.255807505,1.66733,-2.57161098,2.213034826,2.046598984,-2.624010382
SAM024,92.0455,6.196386609,0.635827761,0.659302042,0.374951578,0.275008229,-2.159485157,0.583957112,-1.604493584,1.878254152,1.96356898,-1.864506902
SAM025,102.28675,5.132223449,0.902293043,0.704704423,0.054652976,0.068872519,-5.086261575,2.099826563,-2.807293023,2.386658713,2.268896606,-2.791338031
SAM026,105.50575,5.139834813,0.901220619,0.756285977,0.062296611,0.077686277,-5.058668415,2.123646617,-2.850132604,2.42803516,2.311304546,-2.83069852
SAM027,136.4385,5.15136447,0.89958049,0.336362732,0.155746879,0.05325841,-5.017042671,1.701169418,-2.416985767,1.992684342,1.877498436,-2.391967817
SAM028,148.081,5.101478231,0.906542843,0.421915182,0.14267672,0.290177143,-5.19863312,1.89011927,-2.559918072,2.145258426,2.023234859,-2.556593982
SAM029,189.36725,5.555032651,0.828428427,0.164140989,0.113767959,0.255743639,-3.697231195,0.766603337,-1.793758836,1.29867867,1.222957483,-1.876131212
SAM030,148.328,4.891804954,0.932288615,0.227683012,0.067480301,0.12189698,-6.001951214,1.917748884,-2.61208273,2.240277071,2.085173364,-2.657935064
SAM031,154.28875,5.022903868,0.916828403,0.289960715,0.207517419,0.189384592,-5.492311711,1.82474114,-2.519253642,2.12029305,1.986690815,-2.540483501
SAM032,185.1475,5.695511275,0.796117785,0.229581176,0.812450191,0.485542065,-3.302691906,0.742624678,-1.706609739,1.180382725,1.108223957,-1.841894979
SAM033,77.066,4.531947436,0.965644077,0.489243463,0.428299346,0.17070132,-7.504294976,2.99610427,-3.323047152,3.020931158,2.793305033,-3.370451002
SAM034,118.3065,5.153737158,0.899240615,0.335881747,0.143470039,0.014083473,-5.008502336,1.696889484,-2.413786267,1.989033146,1.874162464,-2.387568376
SAM035,123.254,4.811271858,0.9408283,0.403686474,0.461823601,0.075686861,-6.326199112,2.343411212,-2.885343324,2.53037401,2.360725943,-2.939021721
SAM036,123.7795,4.816559178,0.940288483,0.402648839,0.472424993,0.07177409,-6.304668732,2.332758794,-2.877869658,2.521800447,2.353138065,-2.931180055
SAM037,190.9025,5.505577528,0.838765326,0.191693135,0.349473891,0.171661575,-3.84414642,0.912340253,-1.875490627,1.38922292,1.310436157,-1.936319918
SAM038,198.18425,5.368779097,0.864833462,0.257425241,0.589205836,0.227293911,-4.272269389,1.25100405,-2.092513416,1.629358541,1.539197774,-2.079612373
SAM039,128.26475,4.994055093,0.920406492,0.324210336,0.177120642,0.118110338,-5.602410164,1.926458029,-2.587320916,2.194256337,2.056155972,-2.615461849
SAM040,155.1605,5.231773404,0.887600822,0.384118568,0.102060911,0.125260943,-4.732601465,1.648272358,-2.37311945,1.933870161,1.828857407,-2.290710757
SAM041,148.41975,5.2514992,0.884511885,0.631101752,0.097487295,0.115364404,-4.664413763,1.867711326,-2.597779014,2.154975051,2.052296214,-2.487060773
SAM042,154.39325,5.192181121,0.89361984,0.331052798,0.14341064,0.046710114,-4.871365293,1.63228712,-2.365038869,1.933056869,1.823166595,-2.316299346
SAM043,144.279,5.218283634,0.889678425,0.326300845,0.143325514,0.060551386,-4.779596692,1.586509714,-2.330601776,1.893808473,1.787162704,-2.261597318
SAM044,156.47425,5.239748774,0.886359262,0.501600263,0.099668389,0.118447981,-4.704956043,1.770027156,-2.481568459,2.040876782,1.936815403,-2.389558
SAM045,131.09375,5.080626226,0.909351672,0.320405473,0.078451174,0.10964378,-5.275668813,1.784548303,-2.482522625,2.07197179,1.946971687,-2.486668994
SAM046,153.00625,4.944452747,0.926322381,0.226531834,0.068528977,0.094791638,-5.794457232,1.827598866,-2.548192622,2.165388436,2.019245536,-2.586135424
SAM047,148.63225,4.970603197,0.9232401,0.222068556,0.069504687,0.10521365,-5.692783294,1.775021129,-2.512796321,2.124566086,1.982711748,-2.545878965
SAM048,152.11725,4.885877583,0.932940864,0.141650224,0.069870839,0.030044486,-6.025539796,1.690477206,-2.533153677,2.162589583,2.006449786,-2.579750865
SAM049,164.192,4.86245562,0.935480729,0.109244414,0.072219462,0.027114074,-6.119188205,1.600545504,-2.528900979,2.163243354,2.002955793,-2.57817054
SAM050,152.6485,4.947305021,0.925990094,0.226475033,0.068038127,0.102570961,-5.783321892,1.822796509,-2.544754679,2.161357121,2.015687229,-2.582199014
SAM051,144.48675,4.882186582,0.933345073,0.223629107,0.066113799,0.122059981,-6.040251296,1.925051233,-2.619560317,2.249769452,2.092981703,-2.666607147
SAM052,222.5885,5.586769178,0.821520577,0,0.538863223,0.18093574,-3.60515581,0,-1.594981346,1.093886618,1.019753731,-1.690268582
SAM053,164.7975,5.1512914,0.899590944,0.355226736,0.343312397,0.55706059,-5.017305819,1.728562305,-2.435933506,2.011646001,1.896450373,-2.41095222
SAM054,153.09925,5.110391165,0.90532426,0.560314703,0.235730918,0.100044292,-5.165907273,2.018350259,-2.688034044,2.271631898,2.150859346,-2.681262633
SAM055,167.82075,5.501267494,0.839642207,0.441383757,0.407990641,0.261829112,-3.857148323,1.335310254,-2.129915292,1.64439356,1.565309685,-2.188773598
SAM056,143.0795,4.938508104,0.927011887,0.263736161,0.094529689,0.185573712,-5.817700767,1.913400529,-2.592449611,2.21088318,2.063750321,-2.631407208
SAM057,240.311,5.858864023,0.752369236,0.207596943,0.475088023,0.535588616,-2.885737524,0.470844939,-1.509316159,0.891567729,0.207596943,-1.695084423
SAM058,77.07575,4.375974799,0.976765824,0.348952352,0.478958034,0.108492648,-8.187642766,3.223989889,-3.392466901,3.109949139,2.845307576,-3.41520476
SAM059,162.82475,5.106300202,0.905884928,0.354553762,0.067788655,0.077551811,-5.180913057,1.795774982,-2.486991416,2.071388019,1.950042845,-2.481822456
SAM060,163.94175,5.263325858,0.882630475,0.337889594,0.082447404,0.10715409,-4.623836478,1.538135002,-2.291210225,1.84629543,1.744984965,-2.161170265
SAM061,138.26825,4.878812382,0.933713286,0.355373559,0.058356966,0.08296596,-6.053715359,2.162375974,-2.755355358,2.386271389,2.228889439,-2.8028038
SAM062,142.36,4.938782109,0.926980196,0.327502898,0.298556833,0.186282596,-5.816628363,2.021223397,-2.655891101,2.274267589,2.127180482,-2.694802634
SAM063,187.5105,5.33471716,0.87078842,0.203416413,0.287561839,1,-4.383798414,1.181673361,-2.076530392,1.619168106,1.525616672,-2.039124131
SAM064,158.6075,5.126943536,0.90303219,0.320867519,0.155804098,0.298713757,-5.105455509,1.714447632,-2.429526149,2.009910572,1.891427448,-2.415895827
SAM065,141.4815,4.873956223,0.934241043,0.229477535,0.072864218,0.102213575,-6.073118307,1.951966697,-2.635293774,2.267227175,2.108986931,-2.683304527
SAM066,136.882,5.24313978,0.885828361,0.468462992,0.065686389,0.129306461,-4.693232977,1.730899545,-2.444593504,2.00329069,1.899630639,-2.34791587
SAM067,163.522,5.140218967,0.901166276,0.36546363,0.053323049,0.053768507,-5.057278153,1.759440588,-2.458869302,2.036698184,1.920019383,-2.439255435
SAM068,76.511,4.180879779,0.98844429,0.230593917,0.18377058,0.43373078,-9.053312421,3.721221198,-3.555146961,3.277161948,2.96238188,-3.523357676
SAM069,155.9785,5.056145716,0.91257539,0.376143855,0.051886978,0.065557878,-5.366945903,1.902693062,-2.56667339,2.161001218,2.032417827,-2.578652511
SAM070,122.08875,5.071335826,0.91058438,0.369171626,0.230125522,0.438186932,-5.31020297,1.86974427,-2.542058196,2.133352051,2.007003364,-2.549288638
SAM071,74.39125,4.387450081,0.97600537,0.260076743,0.110346233,0.199388851,-8.136979283,3.044416943,-3.287763765,3.004196044,2.742378761,-3.312853876
SAM072,90.64,4.777126403,0.944246535,0.458298772,0.408404097,0.158075132,-6.466023212,2.468151866,-2.981700682,2.633796134,2.457679323,-3.037290014
SAM073,85.97725,4.64785502,0.956180018,0.451572398,0.41716402,0.177466348,-7.006673392,2.70783469,-3.136108156,2.813830227,2.611634846,-3.192030263
SAM074,109.71725,4.905740835,0.930739793,0.429837492,0.729030428,0.479665155,-5.946671231,2.212037597,-2.79756825,2.422845043,2.270155624,-2.841556831
SAM075,64.89475,4.297643979,0.98173003,0.345712528,0.402263291,0.139212299,-8.534529977,3.462217407,-3.499201899,3.221766795,2.937455261,-3.503455707
SAM076,77.432,4.137229172,0.990759727,0.335858764,0.136295374,0.211363961,-9.247154742,4.134013548,-3.726912858,3.445681816,3.119204473,-3.678754221
SAM077,94.521,4.328561331,0.979816964,0.421457317,0.40130426,0.575339183,-8.397424231,3.460717018,-3.531121704,3.252138613,2.975670305,-3.543186865
SAM078,116.328,5.172105298,0.896582014,0.462649295,0.381638501,0.123917238,-4.942687441,1.829497142,-2.519540017,2.091311831,1.978850635,-2.483360112
SAM079,105.82,4.841273339,0.937727054,0.302280003,0.13804587,0.246977022,-6.204472939,2.146051502,-2.747514082,2.38628884,2.222176627,-2.798840208
SAM080,106.954,4.991501606,0.920718254,0.412509298,0.200436739,0.015981809,-5.612212559,2.050982772,-2.678621329,2.286081453,2.147576579,-2.707328562
SAM081,92.53725,4.712310149,0.950422697,0.286722416,0.189819894,0.075205433,-6.734986282,2.354285294,-2.890274861,2.555503934,2.366621637,-2.947358732
SAM082,117.593,5.196487848,0.892976601,0.399268463,0.585457848,0.233118736,-4.856148784,1.719583533,-2.428349345,1.995568118,1.886220827,-2.376627128
SAM083,117.0365,5.179569548,0.895487607,0.402947289,0.544904162,0.230539396,-4.916094752,1.74928908,-2.451314413,2.021685123,1.91018745,-2.410697416
SAM084,108.67025,4.912968326,0.929927995,0.583409724,0.075809561,0.099318287,-5.91810162,2.352694982,-2.942513366,2.566278318,2.414829019,-2.985471879
SAM085,106.39825,4.909645076,0.930301994,0.588016706,0.072358496,0.113055069,-5.931229591,2.362178069,-2.951085655,2.57554563,2.423527133,-2.994523262
SAM086,108.0285,4.938041866,0.927065792,0.559349984,0.072897931,0.107037715,-5.819525789,2.29008113,-2.888616907,2.507147612,2.359936874,-2.92765273
SAM087,108.98075,4.940085514,0.926829326,0.637243766,0.071628844,0.103779563,-5.811528429,2.351906701,-2.964085031,2.582190027,2.435320396,-3.002776505
SAM088,86.03725,4.680419274,0.953317665,0.496111558,0.089512125,0.05390807,-6.8689134,2.690103899,-3.139565381,2.811062631,2.615669378,-3.196397967
SAM089,88.64425,4.700114815,0.951540672,0.497352652,0.096023584,0.058497566,-6.786082404,2.653068841,-3.11612604,2.78377013,2.592415721,-3.173189291
SAM090,91.21325,4.777725837,0.944187528,0.256724159,0.168057698,0.363585391,-6.463557102,2.177303565,-2.779390466,2.431362574,2.255360859,-2.834953092
SAM091,111.3995,5.359638107,0.866451522,0.446864705,0.307537148,0.270496217,-4.302008261,1.539722536,-2.292142879,1.830535414,1.739485015,-2.273064652
SAM092,108.452,5.051415087,0.913189296,0.367847329,0.293599314,0.157829334,-5.384687372,1.898919252,-2.563880266,2.159157334,2.029870469,-2.577268002
SAM093,66.9665,4.189966046,0.987949471,0.365447148,0.168118627,0.116707174,-9.012936709,3.909274175,-3.67634453,3.398809016,3.0864443,-3.647754158
SAM094,90.41975,5.087211956,0.908470873,0.755672806,0.082313387,0.114417694,-5.251267204,2.203412317,-2.910165383,2.49831207,2.374259579,-2.912037306
SAM095,112.95075,5.054771774,0.912753989,0.36082093,0.284531898,0.143533359,-5.372095224,1.884039465,-2.552948406,2.147551717,2.01876438,-2.565339969
SAM096,101.59725,5.258427051,0.883412488,0.627418958,0.184704908,0.408694189,-4.640616485,1.85470141,-2.586269659,2.142227385,2.040352941,-2.457180332
SAM097,63.84375,4.129077278,0.991181054,0.50829836,0.241087736,0.085110336,-9.283323275,4.388083815,-3.911943641,3.629897298,3.301218991,-3.860538221
SAM098,59.67675,4.095594893,0.992875997,0.382967402,0.209342945,0.067424884,-9.431728733,4.460810169,-3.838930622,3.552798063,3.21502896,-3.773533154
SAM099,74.7025,4.837442923,0.938128203,0.424557267,0.109258679,0.292120081,-6.219953895,2.322572266,-2.874428633,2.514003851,2.349192593,-2.926091177
SAM100,116.545,5.49167666,0.841579964,0.261361454,0.362934192,0.282810432,-3.886194581,1.086581888,-1.960434584,1.476563745,1.39680282,-2.014846942
SAM101,120.1215,5.131059164,0.902456369,0.322793365,0.248797538,0.216955385,-5.09049034,1.711205463,-2.426720065,2.006310133,1.888389418,-2.411283753
SAM102,85.48025,4.97760811,0.922400671,0.592399847,0.137707237,0.242277197,-5.665708644,2.254293828,-2.874866485,2.485188795,2.344464869,-2.906533019
SAM103,93.27825,4.957267991,0.924821954,0.485239426,0.137005524,0.231478076,-5.744513512,2.187517076,-2.791722742,2.406255352,2.262227599,-2.827365991
SAM104,112.58475,5.096688482,0.907193228,0.393347379,0.086598858,0.017200017,-5.216269918,1.86239994,-2.536882421,2.12316263,2.000461511,-2.535345488
SAM105,81.7565,4.645041535,0.956422972,0.189690039,0.088587634,0.279339115,-7.018621186,2.279848393,-2.877791763,2.55604217,2.353251893,-2.933604485
SAM106,101.951,4.589762763,0.961060427,0.114877141,0.04388349,0.692716712,-7.254752797,2.144004947,-2.873602983,2.561876279,2.347168834,-2.926282666
SAM107,80.298,4.597039849,0.960464489,0.333221987,0.009306412,0,-7.223522742,2.66098147,-3.082588031,2.769584079,2.556470085,-3.135786935
SAM108,89.49125,4.435775466,0.972705397,0.50657319,0.108209869,0.246350635,-7.924200151,3.247217956,-3.46833904,3.17959906,2.929505488,-3.502377974
SAM109,114.55325,4.952388647,0.925395503,0.317758119,0.077210371,0.086661641,-5.76350287,1.98380552,-2.630015968,2.24556171,2.100731681,-2.666553035
SAM110,124.09175,5.223582532,0.888865665,0.459184142,0.087016815,0.200961131,-4.761101408,1.749537243,-2.457471775,2.019711282,1.913710541,-2.383530118
SAM111,122.96725,5.026155603,0.916418582,0.421306385,0.069364059,0.079727963,-5.479977025,2.006412956,-2.64679796,2.24717674,2.114073219,-2.667186756
SAM112,155.915,5.41579101,0.856274101,0.119691847,0.337333887,0.197407334,-4.121552872,0.80185048,-1.902538417,1.43147808,1.345649635,-1.918207093
SAM113,160.09775,5.500047563,0.839889718,0.358327283,0.27276399,0.10144561,-3.860834209,1.232764057,-2.048199129,1.56288806,1.483719276,-2.106496567
SAM114,163.98025,5.515075391,0.836819582,0.358050793,0.258891516,0.091412563,-3.815606731,1.211607223,-2.031423097,1.543501378,1.465353282,-2.096539218
SAM115,143.1215,5.016151144,0.917675214,0.190734559,0.03372344,0.132208157,-5.517975539,1.625998411,-2.427928278,2.030342243,1.895698976,-2.450863267
SAM116,147.0335,5.396554048,0.859825242,0.126002686,0.347213016,0.203204274,-4.182772836,0.854576467,-1.930193211,1.462360135,1.374808954,-1.934728164
SAM117,129.51225,5.294301405,0.877596052,0.701886092,0.099224632,0.084855276,-4.518649773,1.858862387,-2.620319343,2.169944954,2.072107477,-2.545299311
SAM118,101.887,4.538520861,0.965136182,0.250441182,0.081778783,0.291687338,-7.475801751,2.646349562,-3.075642663,2.772485968,2.546351518,-3.123749621
SAM119,128.84375,5.134270491,0.902005421,0.230856434,0.266332059,0.304984075,-5.078831647,1.538739274,-2.331092944,1.910064497,1.792580723,-2.314217484
SAM120,182.95075,5.256432487,0.883729791,0.279176526,0.099013684,0.441481477,-4.647459783,1.45271745,-2.240279812,1.796593524,1.694488309,-2.117838298
SAM121,164.298,4.903659104,0.930972528,0.083080417,0.207391039,0.611436991,-5.954912822,1.393727977,-2.45329828,2.079010712,1.925962583,-2.497575433
SAM122,183.66,5.23943279,0.886408641,0.288876829,0.103960648,0.429438157,-4.706049381,1.494587507,-2.269202717,1.828568052,1.724469179,-2.177606332
SAM123,93.65525,4.790589732,0.942912668,0.208623832,0.361424623,0.163797794,-6.410731836,2.050314956,-2.715527993,2.364846769,2.191301829,-2.770459078
SAM124,79.6345,4.750039288,0.946876364,0.208091778,0.367946446,0.167646118,-6.577876953,2.123076076,-2.764840012,2.422477324,2.241102675,-2.821386791
SAM125,169.89175,5.195233713,0.8931642,0.358625538,0.043167231,0.239755595,-4.860576811,1.667763373,-2.389134522,1.956585812,1.847080714,-2.338293031
SAM126,171.53725,5.309285378,0.875104187,0.337504883,0.068596468,0.284745057,-4.468336902,1.471223079,-2.239110222,1.786128441,1.689912732,-2.179710821
SAM127,167.16975,5.285684961,0.879012165,0.337975059,0.071272786,0.302713287,-4.547750459,1.505888229,-2.266099242,1.817233861,1.718446524,-2.180535915
SAM128,172.628,5.232995314,0.887411244,0.131694221,0.274841367,0.143239858,-4.728359195,1.111248176,-2.119310583,1.679839843,1.57497353,-2.035531824
SAM129,80.25675,4.29119192,0.982121857,0.313648234,0.204161555,0.195875,-8.563165711,3.435428392,-3.476355622,3.199162362,2.913201493,-3.47889191
SAM130,134.4615,5.384622632,0.8619937,0.330250658,0.477937541,0.369926724,-4.221058543,1.353169378,-2.147702218,1.681875119,1.59322036,-2.144967741
SAM131,110.3845,4.904233878,0.930908317,0.255547912,0.156082982,0.461177549,-5.952636707,1.954564557,-2.625078971,2.250671113,2.097722093,-2.669276808
SAM132,140.61125,5.010637027,0.918362472,0.255948584,0.076504439,0.395623044,-5.538980866,1.781797493,-2.499600664,2.103139655,1.967640925,-2.523887454
SAM133,69.41875,4.786548147,0.943314972,0.405464178,0.190719556,0.138276104,-6.427308269,2.389848148,-2.917315577,2.567469238,2.393155147,-2.972457153
SAM134,71.48275,4.763533406,0.945575154,0.406608403,0.195156393,0.137668527,-6.522053398,2.433131677,-2.946718257,2.601602913,2.422861478,-3.002848744
SAM135,220.519,7.137523302,0,0.318053764,1,0.417497246,-0.91,0,-0.293914582,-0.518196007,0.478632282,-1.257734561
SAM136,117.03475,5.740511077,0.784770246,0.926552254,0.32457868,0.430273554,-3.183386766,1.37917096,-2.355075246,1.814441415,1.740139729,-2.505302126
SAM137,168.3095,5.839969523,0.757802553,0.188980603,0.518933995,0.506602752,-2.931704084,0.449483002,-1.510872687,0.913768804,0.799149187,-1.69130933
SAM138,161.19475,5.662350189,0.804159166,0.190432958,0.247593133,0.645959827,-3.392798541,0.694225076,-1.703317262,1.185814994,1.113814634,-1.827027157
SAM139,170.14725,5.702412362,0.794410524,0.191055025,0.248291008,0.606734711,-3.284173904,0.641405736,-1.660633754,1.132418354,1.06010218,-1.798266036
SAM140,172.03425,5.234835108,0.887125364,0.280666268,0.046291788,0.296585925,-4.721976295,1.48689614,-2.266198418,1.826394562,1.721748277,-2.180294182
SAM141,169.8835,5.320103427,0.873281773,0.563154691,0.058557824,0.47936851,-4.432244428,1.711705233,-2.452629856,1.997778144,1.902709419,-2.403118431
SAM142,166.467,5.344745928,0.869056136,0.554844522,0.062110714,0.493422245,-4.350758822,1.669099707,-2.416746959,1.957671228,1.865139468,-2.387013858
SAM143,161.0455,5.323849175,0.872646153,0.656007775,0.063234843,0.413015285,-4.419792885,1.782655087,-2.541286561,2.085789708,1.991113423,-2.494998833
SAM144,165.81175,5.339399341,0.869981822,0.600868401,0.060990667,0.438690926,-4.368352083,1.716558051,-2.468746343,2.010583184,1.917510008,-2.434978566
SAM145,179.67075,5.830451191,0.760501012,0.191551213,0.500096744,0.526272648,-2.955081983,0.469138279,-1.523615458,0.934834207,0.831822994,-1.701318442
SAM146,177.817,5.84427559,0.756573313,0.191252246,0.507908049,0.520923691,-2.92117684,0.449620759,-1.508544646,0.907284726,0.785046614,-1.690207431
SAM147,178.61425,6.046848661,0.69233375,0.229371732,0.487885187,0.592403888,-2.459617091,0.264317206,-1.331693471,1.122260123,1.194270435,-1.563818046
SAM148,158.3295,5.682794225,0.799233162,0.189584602,0.238719414,0.65244155,-3.337027012,0.664191529,-1.68035219,1.157621947,1.085631488,-1.811257447
SAM149,158.43,5.665057308,0.803512654,0.186452899,0.24493309,0.687617084,-3.385372777,0.679981008,-1.696406462,1.178236858,1.106255411,-1.821080324
SAM150,168.83025,5.23782595,0.886659502,0.290246606,0.044250526,0.266510001,-4.711611742,1.499302309,-2.272391662,1.832047087,1.727757297,-2.18285252
SAM151,166.65775,5.25283178,0.884301006,0.285149236,0.118238534,0.207737438,-4.659830229,1.468543017,-2.250320504,1.807277947,1.704754455,-2.136828499
SAM152,160.97275,5.570730429,0.825039009,0.287916856,0.724051223,0.485862925,-3.651472901,1.026028889,-1.900389963,1.40237976,1.327485406,-1.989231101
SAM153,172.12175,5.575958239,0.823898374,0.30094278,0.752554192,0.478286823,-3.636327605,1.040985382,-1.907711675,1.40870698,1.334070449,-1.998671527
SAM154,75.65225,4.231644608,0.985621232,0.30175854,0.20681845,0.213370591,-8.827693988,3.635705714,-3.550793141,3.274392972,2.973015389,-3.535998021
SAM155,91.33775,4.41002029,0.974483964,0.28789085,0.211471946,0.211217796,-8.037478124,3.032965458,-3.284645116,2.998807669,2.74250056,-3.314105549
SAM156,158.6205,5.189015631,0.894090864,0.527797143,0.048150284,0.066721151,-4.882568493,1.870200316,-2.565390453,2.133997257,2.023705959,-2.518771263
SAM157,122.99425,5.113436263,0.904905436,0.402644311,0.295411234,0.265077171,-5.154754416,1.848486207,-2.5268535,2.109857964,1.989509898,-2.518866364
SAM158,157.1895,5.149344698,0.899869176,0.525048102,0.048510922,0.060288997,-5.024319644,1.926855835,-2.607986033,2.184069618,2.06861466,-2.583975354
SAM159,198.7365,5.665329313,0.803447597,0.190751879,0.562030551,0.198135934,-3.384627339,0.691008386,-1.700411004,1.182173952,1.110194128,-1.825181531
SAM160,134.9855,5.32426774,0.872574978,0.64737013,0.1014555,0.082144322,-4.418402949,1.775429291,-2.532180112,2.076611239,1.981978656,-2.486247012
SAM161,110.51525,4.692895961,0.952196046,0.531967233,0.110224009,0.303561639,-6.816397801,2.70066804,-3.159772285,2.828835685,2.63600758,-3.216779191
SAM162,89.51275,4.583274526,0.96158812,0.456845522,0.274945318,0.491027053,-7.282632771,2.848162896,-3.223933076,2.913333331,2.69719895,-3.276122551
SAM163,85.0655,4.519915565,0.966565113,0.461577941,0.285448446,0.479436491,-7.556523596,2.994648105,-3.31117251,3.0109236,2.780552215,-3.357220424
SAM164,117.6,4.985345455,0.921466611,0.249121169,0.451812246,0.108137914,-5.635882921,1.808707809,-2.522474897,2.131201761,1.991717409,-2.552518529
SAM165,86.02025,4.609125147,0.959465163,0.460260053,0.268737987,0.476645953,-7.171752343,2.7969934,-3.194124685,2.878969719,2.668485639,-3.248114421
SAM166,107.991,4.975907264,0.922605031,0.445559509,0.298680374,0.16621315,-5.672276256,2.1146146,-2.730031052,2.340704556,2.199706872,-2.762046021
SAM167,115.273,4.985099141,0.921496458,0.443987436,0.281575922,0.187206836,-5.636831116,2.098032343,-2.717631078,2.326408676,2.186885009,-2.74772734
SAM168,79.332,4.365437054,0.977456504,0.491715407,0.197694149,0.068073798,-8.234207548,3.426002015,-3.549825626,3.268207579,3.000959201,-3.57032508
SAM169,121.14075,5.075100872,0.91008619,0.372350854,0.432796839,0.149146304,-5.296191947,1.868206226,-2.540871067,2.131416321,2.005615828,-2.546868744
SAM170,115.7845,4.77958433,0.944004357,0.163256314,0.296842497,0.09252745,-6.455913712,1.947590583,-2.683642586,2.335232102,2.159586883,-2.739120878
SAM171,112.68575,5.254117929,0.884097208,0.375445729,0.145964619,0.123484812,-4.655409154,1.604220862,-2.339163723,1.895891069,1.79351723,-2.22276435
SAM172,112.84125,4.900840436,0.931286881,0.239786563,0.112352369,0.480534117,-5.966080996,1.928429294,-2.613373585,2.239675989,2.086141082,-2.658035736
SAM173,113.0645,4.99593694,0.920176222,0.375843781,0.311216603,0.081842858,-5.595191992,1.9973363,-2.636743235,2.243292241,2.105489326,-2.664462262
SAM174,118.2965,5.091459522,0.907899704,0.410846941,0.117676818,0.06388112,-5.235563858,1.892188126,-2.560426125,2.147735083,2.024290084,-2.560790492
SAM175,110.948,4.987110444,0.921252525,0.408718404,0.109478052,0.010701082,-5.629091065,2.053414384,-2.679995105,2.288358542,2.149155625,-2.709659725
SAM176,86.002,4.797241667,0.942246975,0.251980548,0.439789405,0.171225919,-6.383489787,2.132781375,-2.750751884,2.398694224,2.226409774,-2.805312253
SAM177,73.58425,4.801447086,0.941823828,0.515491779,0.328916753,0.109751739,-6.366293444,2.483143623,-3.009127668,2.656198416,2.484707365,-3.063437989
SAM178,84.21575,4.41401317,0.97421122,0.302521287,0.366406464,0.2020752,-8.019897114,3.046978821,-3.293829949,3.007563757,2.752225178,-3.324028529
SAM179,74.42025,4.328224429,0.979838131,0.308628273,0.348836071,0.229572169,-8.398917125,3.305986607,-3.4187672,3.139804335,2.863251106,-3.430750925
SAM180,110.87125,5.159303244,0.898440131,0.417506498,0.332021703,0.019200637,-4.988502303,1.797309468,-2.489037336,2.063227098,1.949092326,-2.459930882
SAM181,119.86425,5.192448041,0.893580054,0.394699465,0.333333621,0.017741741,-4.870421347,1.719814725,-2.428381438,1.996349842,1.886493308,-2.379460413
SAM182,82.61525,4.405689139,0.974778586,0.306147696,0.361838581,0.212859788,-8.056556193,3.075472797,-3.308817891,3.023436431,2.766076592,-3.3374658
SAM183,75.4845,4.375679987,0.976785246,0.29153069,0.356039343,0.200496163,-8.188944975,3.134941014,-3.335452774,3.052961031,2.78824671,-3.358129033
SAM184,70.9445,4.773409266,0.944611655,0.516452206,0.330434724,0.117041189,-6.481324806,2.534644413,-3.044417907,2.697277604,2.520445851,-3.100167466
SAM185,83.20275,4.741551638,0.947685861,0.399389903,0.157846224,0.118631187,-6.613090148,2.464834225,-2.9666305,2.625989931,2.442944945,-3.023378101
SAM186,102.002,4.976394785,0.92254649,0.508153626,0.103463187,0.001025084,-5.670393341,2.179553692,-2.792050433,2.402623255,2.261704087,-2.823965831
SAM187,117.39975,4.731542968,0.948631637,0.404718403,0.059619935,0.046917878,-6.654712058,2.490199437,-2.984358853,2.645738926,2.460710361,-3.04128329
SAM188,115.81225,4.712994493,0.950359556,0.400690743,0.065936156,0.040081172,-6.732123421,2.520317261,-3.003390413,2.66848335,2.479739124,-3.060472653
SAM189,116.6605,4.725588427,0.949189841,0.402634434,0.064380129,0.046477032,-6.679524399,2.498835915,-2.989666179,2.652242876,2.466027084,-3.046665234
SAM190,117.5195,4.718225089,0.94987553,0.400934382,0.064589881,0.050646377,-6.710257893,2.510665238,-2.997120892,2.661171261,2.47348003,-3.054180849
SAM191,116.57475,4.68728812,0.952701907,0.404676702,0.061470956,0.052158045,-6.839983087,2.574823113,-3.0395092,2.709669625,2.515691404,-3.096449788
SAM192,104.15825,5.003994171,0.919185394,0.171538545,0,0.26149218,-5.564343976,1.592286056,-2.422979138,2.027876431,1.891340709,-2.448847306
SAM193,109.14,4.915772256,0.929611472,0.324184462,0.212929506,0.197232219,-5.907036469,2.054231371,-2.679944424,2.303123158,2.152152759,-2.72249142
SAM194,95.9265,4.762388085,0.945686278,0.213669436,0.31260609,0.09378534,-6.526783728,2.113523543,-2.755189454,2.410308403,2.231344542,-2.811359931
SAM195,114.667,5.521711249,0.835449144,0.627483206,0.083969291,0.012028429,-3.795758511,1.482969941,-2.293577471,1.804490963,1.726775632,-2.361644142
SAM196,114.02725,4.39456268,0.975529626,0.379808049,0.080355534,0.560018616,-8.105601534,3.213885673,-3.397719175,3.113464939,2.853390544,-3.424222988
SAM197,77.1865,3.941146824,1,0.460936084,0.107291349,0.310509498,-10.11111111,0,-4.172761167,3.849838515,3.469255352,-4.027357847
SAM198,101.528,4.629690425,0.957736624,0.220391388,0.115655268,0.313187769,-7.083935251,2.38614571,-2.92799769,2.60910181,2.4030456,-2.983127944
SAM199,108.5405,4.529645162,0.965821173,0.21632914,0.066361785,0.443031901,-7.51428131,2.593333903,-3.053149785,2.751394877,2.523244944,-3.100301089
SAM200,100.34075,4.527463729,0.965988599,0.096687152,0.661135328,0.496108047,-7.523746832,2.195670379,-2.936368413,2.634953985,2.406307082,-2.98327741
SAM201,77.5845,4.782159076,0.943750028,0.508655627,0.08329165,0.252529984,-6.445330955,2.511150382,-3.025884714,2.676943757,2.501791561,-3.081242328
SAM202,115.9935,4.889273533,0.932567646,0.14391809,0.121803322,0.537740378,-6.012019726,1.692671145,-2.531350599,2.160075148,2.004529627,-2.577524492
SAM203,123.3615,5.201596941,0.892209922,0.281368443,0.16332965,0.352064887,-4.838135885,1.537039559,-2.304634069,1.870907487,1.762200417,-2.249213375
SAM204,76.6275,4.461613162,0.970874503,0.234971196,0.104688819,0.749678101,-7.810877052,2.797252503,-3.161954061,2.86999185,2.626050132,-3.200156245
SAM205,115.5685,4.885359885,0.932997648,0.277632193,0.265234371,0.220728004,-6.027602166,2.027822612,-2.669756483,2.299300837,2.143070288,-2.716417391
SAM206,90.3335,4.741954657,0.947647579,0.285820017,0.383674627,0.297342851,-6.611416387,2.296794785,-2.852561931,2.511839763,2.328874334,-2.909301055
SAM207,92.11925,4.482913751,0.969329132,0.077864585,0.105571624,0.112886254,-7.717718762,2.192514876,-2.976401938,2.681566922,2.442633814,-3.017717329
SAM208,72.40075,4.676580213,0.95365998,0.31527042,0.252755941,0.101114414,-6.885102563,2.470956822,-2.963549392,2.635790393,2.439603253,-3.020308807
SAM209,82.39825,4.770840165,0.944863215,0.316184647,0.260185174,0.116771774,-6.491909488,2.294000194,-2.847306867,2.500694123,2.323367012,-2.903161767
SAM210,102.63025,5.094045127,0.907550829,0.202604921,0.236694365,0.116711561,-5.226018236,1.534736794,-2.349194795,1.935994707,1.812918089,-2.348625381
SAM211,75.88825,4.757168621,0.946191085,0.217693957,0.252333529,0.169880176,-6.54835904,2.132455682,-2.765645134,2.421830288,2.241850272,-2.821986887
SAM212,78.5635,4.723588033,0.949376622,0.303567624,0.259409487,0.10649782,-6.687868239,2.361403952,-2.893084824,2.556062551,2.369446726,-2.950103849
SAM213,72.845,4.697091992,0.951815679,0.321276936,0.267921266,0.114397846,-6.798770406,2.440405376,-2.943830248,2.612069617,2.420099049,-3.000873889
SAM214,101.55875,5.088708126,0.908269961,0.20084011,0.235127774,0.105316654,-5.245732733,1.53856116,-2.353601619,1.941453015,1.817614837,-2.354946222
SAM215,81.5965,4.781895225,0.943776121,0.217098604,0.273242443,0.152121988,-6.4464151,2.08591827,-2.734651145,2.385764572,2.210561899,-2.790021332
SAM216,97.13125,4.516363883,0.966834881,0.092468922,0.097485898,0.10283697,-7.571959097,2.198998875,-2.946736191,2.647028819,2.415843394,-2.992366754
SAM217,105.77125,4.88012701,0.933569974,0.203469091,0.235168781,0.327543432,-6.048467889,1.881312731,-2.601872411,2.232513026,2.075362795,-2.649165449
SAM218,122.14575,5.131964971,0.902329318,0.284002474,0.008063343,0.300271612,-5.087200184,1.645819898,-2.386888114,1.966303603,1.848506304,-2.371048571
SAM219,97.64725,5.288306895,0.878582541,0.725169258,0.152605919,0.15348242,-4.538882287,1.883820865,-2.650343444,2.201018114,2.102521143,-2.568151697
SAM220,119.04525,4.716146368,0.950068193,0.312669626,0.096755053,0.329511968,-6.718944268,2.390291546,-2.911443572,2.575908708,2.387799487,-2.968514466
SAM221,107.88575,4.956988317,0.924854904,0.444469271,0.282730757,0.390130276,-5.745601049,2.144092292,-2.751283429,2.365874079,2.221800443,-2.786978524
SAM222,106.164,4.86088532,0.935648893,0.243819172,0.086189467,0.193992159,-6.125491502,2.004663772,-2.665368026,2.300039236,2.139470535,-2.714801605
SAM223,88.64575,4.416184795,0.974062424,0.439004982,0.183415238,0.10703527,-8.010338149,3.227329125,-3.42735524,3.140852527,2.886039905,-3.457950893
SAM224,102.61925,4.680441657,0.953315666,0.174458495,0.292938287,0.165083932,-6.868819085,2.167503061,-2.817884209,2.489377117,2.293988485,-2.874717195
SAM225,150.1165,6.068588352,0.684634483,1,0.179410708,0.264488721,-2.413904383,0.970561653,-2.079402756,1.935586037,2.007688007,-2.31609995
SAM226,152.624,5.109775844,0.905408736,0.686835496,0.053923896,0.099677955,-5.168162634,2.121086912,-2.815264324,2.398982202,2.278123695,-2.80873617
SAM227,93.56175,4.824486589,0.939473755,0.534708,0.186718821,0.208297568,-6.272449729,2.46060569,-3.000292897,2.642572256,2.475379673,-3.053014533
SAM228,126.06525,4.886159323,0.932909949,0.134209725,0.288516855,0.529277343,-6.02441757,1.663021365,-2.525375336,2.154752224,1.998661798,-2.571937758
SAM229,194.26725,5.274468805,0.880837356,0.233849922,0.499503553,0.16800947,-4.585815077,1.337957663,-2.174604642,1.727714604,1.627672056,-2.07213471
SAM230,195.95725,5.181145097,0.895255555,0.247235584,0.50371402,0.154272569,-4.910492913,1.502711967,-2.293804709,1.863880496,1.752585046,-2.252218188
SAM231,130.46425,5.12844348,0.902822606,0.659573226,0.046740467,0.087122767,-5.0999984,2.072456842,-2.766506963,2.346601666,2.228323828,-2.75222335
SAM232,147.03825,5.635701628,0.810430806,0.619904418,0.395179256,0.244134877,-3.466561461,1.320651673,-2.161673941,1.650396762,1.577967069,-2.275704752
SAM233,172.88625,6.076507778,0.681787908,0.479211101,0.297021635,0.345375262,-2.397430774,0.591817556,-1.550271505,1.430534073,1.502847264,-1.788592386
SAM234,77.21,4.542738753,0.964808525,0.371935532,0.063827708,0.322379,-7.457534529,2.834574712,-3.191626503,2.887794569,2.66261421,-3.24017062
SAM235,174.8685,6.158670859,0.650885816,0.838452302,0.292054863,0.360785275,-2.232066713,0.757218581,-1.823163548,1.965175063,2.044421247,-2.076956671
SAM236,163.7685,5.079499024,0.909501847,0.638331527,0.062044603,0.111513824,-5.2798519,2.130922857,-2.801754479,2.391427007,2.266264017,-2.806282669
SAM237,150.8895,5.101607312,0.906525272,0.210912165,0.24067963,0.212029214,-5.198158293,1.543240476,-2.34876602,1.934081079,1.812075721,-2.345393148
SAM238,146.61725,5.107436848,0.90572938,0.202685748,0.239638558,0.178390985,-5.176741221,1.514437533,-2.333812151,1.917986649,1.796800844,-2.328201448
SAM239,147.17925,5.282239207,0.879575068,0.228549674,0.220809015,0.628015595,-4.559422317,1.315255609,-2.160552226,1.712292349,1.613121648,-2.070285277
SAM240,112.7445,5.310028502,0.87497963,0.355131043,0.546644976,0.382948394,-4.465851376,1.495610139,-2.255902617,1.802792058,1.706655782,-2.19721357
SAM241,168.05525,5.313822912,0.874342191,0.242227658,0.294944272,0.663992398,-4.453174489,1.298863732,-2.138743162,1.684975819,1.589243652,-2.083605358
SAM242,102.54675,4.942198152,0.926584369,0.184877747,0.075952003,0.278938467,-5.803267045,1.729705314,-2.509212442,2.126877529,1.980359828,-2.547543936
SAM243,158.52325,5.38118078,0.862614441,0.322857131,0.20607551,0.31079422,-4.232147549,1.346707475,-2.144137385,1.678889873,1.589911859,-2.139247244
SAM244,157.45275,5.348791183,0.868352461,0.286455254,0.239753878,0.330697938,-4.337479541,1.332791915,-2.143839085,1.684074218,1.591948746,-2.117080601
SAM245,138.41625,5.032988858,0.91555302,0.658143177,0.062900412,0.090900385,-5.454106779,2.21867582,-2.875653287,2.474646603,2.342585606,-2.894231242
SAM246,147.5875,5.432502894,0.85313315,0.206438606,0.037710434,0.256193839,-4.068878812,1.050983983,-1.970778995,1.496916613,1.412526603,-1.99561811
SAM247,113.01625,4.706219457,0.950982749,0.464945059,0.327111176,0.339802181,-6.760486449,2.607640535,-3.076093509,2.742531341,2.552417158,-3.133178824
SAM248,189.02575,5.322996671,0.872791024,0.236450007,0.316615568,0.605515149,-4.42262469,1.273656478,-2.122683687,1.66733356,1.572568172,-2.07567028
SAM249,143.703,5.400924571,0.85902443,0.807846467,0.573411169,0.137486169,-4.168808932,1.777460029,-2.607183813,2.138616953,2.051463348,-2.614308249
SAM250,139.22025,4.974762519,0.922742379,0.564064365,0.037025216,0.042392145,-5.676698835,2.234383021,-2.849885644,2.460795611,2.319613419,-2.882133458
SAM251,78.32825,4.637890052,0.957037461,0.176433858,0.054953303,0.286455693,-7.049022673,2.258146095,-2.873611933,2.553197985,2.348890437,-2.929124714
SAM252,138.537,5.44231828,0.851263758,0.550935042,0.341758017,0.18158082,-4.038163212,1.52807517,-2.30442156,1.828911653,1.745340552,-2.334457256
SAM253,163.802,5.223351959,0.888901121,0.376587307,0.078327715,0.236719952,-4.761905263,1.650725185,-2.375136512,1.937418039,1.831389327,-2.301417554
SAM254,74.32625,4.722752648,0.949454513,0.509249491,0.092428842,0.465384044,-6.691353931,2.621651267,-3.099804998,2.76295005,2.576166991,-3.156831606
SAM255,127.93275,4.9842103,0.921604101,0.240065446,0.614038652,0.199671169,-5.640253427,1.792019735,-2.514755358,2.123716063,1.984050446,-2.545041009
SAM256,84.562,4.746222716,0.947241214,0.286813555,0.040747732,0.186087921,-6.59370143,2.29058516,-2.8482772,2.506689815,2.324565421,-2.904920081
SAM257,136.585,5.408892499,0.857555429,0.459260067,0.278769662,0.130697011,-4.143434603,1.483882018,-2.249755566,1.779851928,1.693413828,-2.261508094
SAM258,136.219,5.435153425,0.852630149,0.525205564,0.346459042,0.207680292,-4.06056825,1.514171229,-2.286613876,1.812306813,1.728139856,-2.312869351
SAM259,147.1855,5.451349648,0.849527402,0.339076988,0.192434372,0.516138321,-4.010046017,1.272780513,-2.082586505,1.605558088,1.522723117,-2.117291317
SAM260,161.81775,5.206252772,0.891507841,0.529032832,0.501085328,0.210822177,-4.821757516,1.845853919,-2.547002679,2.112417226,2.00428987,-2.488043181
SAM261,106.74475,4.554041377,0.963923662,0.491581321,0.475838951,0.268964584,-7.408645644,2.9487388,-3.296540709,2.990871373,2.768235845,-3.346202423
SAM262,56.32275,4.296186547,0.98181876,0.582531438,0.099804026,0.157931745,-8.540997809,3.728018677,-3.738100817,3.460722864,3.176039138,-3.74196933
SAM263,121.72925,4.829287488,0.9389772,0.514952303,0.43118762,0.262460207,-6.252974114,2.433350355,-2.97470958,2.615987607,2.449680435,-3.027052879
SAM264,88.4485,4.675474579,0.953758322,0.364476427,0.072522391,0.268477093,-6.889767589,2.545647976,-3.014145908,2.686600642,2.490184466,-3.07088255
SAM265,143.39175,5.411844666,0.857008176,0.165456023,0.528976441,0.679127756,-4.134060592,0.969280919,-1.952677517,1.482278827,1.396102746,-1.966115882
SAM266,105.022,4.75607715,0.946296315,0.29632432,0.407084207,0.185948752,-6.55287452,2.288650473,-2.845621336,2.502029128,2.321836097,-2.901996638
SAM267,137.77775,5.468431562,0.846200072,0.449858729,0.288321163,0.144891332,-3.957245494,1.390353886,-2.174523343,1.694611928,1.613122504,-2.21779008
SAM268,171.327,5.216388223,0.889968104,0.256028758,0.528633412,0.191258226,-4.786223452,1.468033534,-2.262481683,1.826035119,1.719157506,-2.195158764
SAM269,164.4095,5.190267571,0.893904754,0.22654009,0.489953655,0.19268452,-4.878135756,1.44544741,-2.26270656,1.831080356,1.720947857,-2.215255773
SAM270,109.47,4.644884783,0.956436488,0.221144295,0.636147486,0.133924789,-7.019287061,2.356877638,-2.909444775,2.58772457,2.384901116,-2.965251259
SAM271,186.62825,5.401790444,0.858865361,0.218040205,0.538025322,0.182649743,-4.166046309,1.121395794,-2.016416339,1.547704157,1.460628889,-2.024049407
SAM272,79.8305,5.047903497,0.91364313,0.748252495,0.138268506,0.273318077,-5.397878461,2.259441748,-2.948373418,2.544356422,2.414545051,-2.96278614
SAM273,210.4105,5.401105142,0.858991269,0.21807616,0.534337068,0.198122644,-4.168232708,1.122442186,-2.017213047,1.54861588,1.461478623,-2.024443671
SAM274,145.427,5.304896954,0.875837861,0.368729007,0.254127898,0.432852605,-4.483033643,1.521765419,-2.275259603,1.823039318,1.7263526,-2.211556445
SAM275,154.62575,5.114230237,0.904796023,0.130377518,0.246197419,0.188933815,-5.151848788,1.283467175,-2.253671746,1.836521655,1.716284024,-2.245364335
SAM276,152.52825,5.082829847,0.909057597,0.12432712,0.248340883,0.22406208,-5.267496596,1.307814697,-2.283892162,1.872905027,1.748222774,-2.287285845
SAM277,84.62875,4.768651924,0.945076974,0.333159406,0.232445026,0.300538074,-6.500930856,2.324144002,-2.866971679,2.520807858,2.343058031,-2.922912833
SAM278,143.44975,5.576235725,0.823837664,0.54666106,0.078109321,0.142417702,-3.635525021,1.339059456,-2.15312726,1.654069496,1.579446394,-2.244199087
SAM279,153.3895,5.180002963,0.895423809,0.515979854,0.246338839,0.198599187,-4.914553366,1.872274846,-2.563852332,2.134141884,2.02269988,-2.522969827
SAM280,61.3245,4.421252457,0.973713937,0.349895742,0.072837632,0.357603404,-7.988039547,3.100367086,-3.331351344,3.044287648,2.790700188,-3.362861613
SAM281,56.52975,4.349477836,0.978488765,0.366032234,0.076959017,0.339719808,-8.304797088,3.3258097,-3.446361518,3.165984287,2.894764105,-3.463326509
SAM282,130.57225,5.278026472,0.880260637,0.380025616,0.324109145,0.350812751,-4.573718841,1.575588593,-2.316772105,1.869254128,1.769612013,-2.220222987
SAM283,88.1515,4.741226478,0.947716737,0.303055158,0.117788869,0.323864235,-6.614440723,2.327429091,-2.870698145,2.530123399,2.347014205,-2.927452509
SAM284,77.6795,4.500378668,0.96803725,0.272677096,0.068802967,0.330695173,-7.641529791,2.777252239,-3.148040516,2.850714159,2.615844413,-3.191695887
SAM285,84.96375,4.820455746,0.939888826,0.169205566,0.146786446,0.192654525,-6.288822754,1.892402352,-2.639687973,2.282807362,2.114868642,-2.692714549
SAM286,77.53575,4.514711414,0.966960068,0.276985801,0.072266338,0.312975489,-7.579143449,2.751391866,-3.133428896,2.833971958,2.602407222,-3.17886262
SAM287,79.212,4.815905501,0.940355376,0.168816829,0.150826894,0.200114137,-6.307328774,1.899289626,-2.644832943,2.288899784,2.120115773,-2.698189901
SAM288,132.676,5.315494212,0.874060655,0.379034318,0.31858829,0.316575282,-4.447598406,1.520342688,-2.273675807,1.819619574,1.724064618,-2.220064315
SAM289,85.12325,4.73525633,0.948281845,0.299069535,0.11535506,0.335260589,-6.639257426,2.33197255,-2.874106005,2.534737718,2.350446842,-2.930972376
SAM290,154.91075,4.544698612,0.964655807,0.160713941,0.102900564,0.489394693,-7.449050807,2.410618535,-2.977846852,2.673699211,2.448961359,-3.026590376
SAM291,143.9275,4.812353115,0.940718139,0.273496717,0.113042703,0.682743178,-6.321793451,2.146818821,-2.753836792,2.398642656,2.229196512,-2.807441529
SAM292,169.6565,5.75361713,0.781368147,0.183371449,0.492041228,0.525180427,-3.14927945,0.551425633,-1.597798886,1.052179803,0.976589689,-1.752221546
SAM293,184.703,6.024576339,0.700049974,0.213889399,0.499042167,0.55274235,-2.507201152,0.259982492,-1.339720019,1.063318005,1.136113442,-1.566986746
SAM294,184.987,6.021611852,0.701064119,0.22036627,0.483894894,0.503775058,-2.513592377,0.278966225,-1.34932817,1.06399327,1.136974096,-1.575935226
SAM295,164.41975,5.150487259,0.899705941,0.225160742,0.056447655,0.273634256,-5.020202351,1.501800171,-2.306789077,1.882654809,1.767352132,-2.282210177
SAM296,183.9305,6.080770115,0.680246487,0.219960775,0.492260446,0.541990701,-2.388603807,0.196579835,-1.286532673,1.17980861,1.252271673,-1.525718059
SAM297,76.0695,4.751516866,0.946734739,0.515415772,0.081634491,0.410882242,-6.57175476,2.573836901,-3.070339584,2.727676343,2.546591365,-3.126846605
SAM298,145.1265,4.855235783,0.936251724,0.164420757,0.175685002,0.122828148,-6.148194548,1.817395199,-2.592782628,2.228636638,2.067053297,-2.642790863
SAM299,89.19175,4.701366553,0.951426549,0.401867042,0.147790241,0.484818888,-6.780831002,2.544068088,-3.019076014,2.686473205,2.495373551,-3.076145703
SAM300,84.56275,4.333224125,0.979523278,0.30221832,0.209677422,0.169083928,-8.376765403,3.279836943,-3.40532174,3.126051343,2.850757094,-3.418505755
